,worker_id,label,reward,value_surplus,seq_length,front_amount
0,434923,0,reward_12m_105,60,12m,105
1,434926,0,reward_12m_105,60,12m,105
2,434927,0,reward_12m_105,65,12m,105
3,434928,1,reward_12m_105,60,12m,105
4,434930,0,reward_12m_105,60,12m,105
5,434931,0,reward_12m_105,60,12m,105
6,434932,0,reward_12m_105,95,12m,105
7,434934,0,reward_12m_105,55,12m,105
8,434935,1,reward_12m_105,45,12m,105
9,434936,1,reward_12m_105,45,12m,105
10,434937,1,reward_12m_105,0,12m,105
11,434940,0,reward_12m_105,60,12m,105
12,434941,0,reward_12m_105,70,12m,105
13,434942,1,reward_12m_105,60,12m,105
14,434943,0,reward_12m_105,65,12m,105
15,434944,0,reward_12m_105,60,12m,105
16,434945,0,reward_12m_105,60,12m,105
17,434946,1,reward_12m_105,45,12m,105
18,434947,0,reward_12m_105,60,12m,105
19,434949,1,reward_12m_105,45,12m,105
20,434952,0,reward_12m_105,60,12m,105
21,434953,1,reward_12m_105,60,12m,105
22,434954,0,reward_12m_105,60,12m,105
23,434955,0,reward_12m_105,60,12m,105
24,434957,0,reward_12m_105,55,12m,105
25,434958,0,reward_12m_105,60,12m,105
26,434959,0,reward_12m_105,55,12m,105
27,434960,0,reward_12m_105,70,12m,105
28,434961,0,reward_12m_105,60,12m,105
29,434962,0,reward_12m_105,60,12m,105
30,434963,0,reward_12m_105,59,12m,105
31,434964,0,reward_12m_105,65,12m,105
32,434966,1,reward_12m_105,55,12m,105
33,434967,0,reward_12m_105,75,12m,105
34,434968,0,reward_12m_105,60,12m,105
35,434971,0,reward_12m_105,60,12m,105
36,434974,1,reward_12m_105,45,12m,105
37,434976,0,reward_12m_105,60,12m,105
38,434977,1,reward_12m_105,60,12m,105
39,434978,0,reward_12m_105,55,12m,105
40,434979,1,reward_12m_105,55,12m,105
41,434980,0,reward_12m_105,75,12m,105
42,434981,0,reward_12m_105,60,12m,105
43,434982,0,reward_12m_105,60,12m,105
44,434983,0,reward_12m_105,60,12m,105
45,434984,0,reward_12m_105,60,12m,105
46,434985,0,reward_12m_105,60,12m,105
47,434986,1,reward_12m_105,45,12m,105
48,434988,0,reward_12m_105,60,12m,105
49,434989,0,reward_12m_105,60,12m,105
50,434990,0,reward_12m_105,60,12m,105
51,434992,0,reward_12m_105,60,12m,105
52,434993,1,reward_12m_105,20,12m,105
53,434995,1,reward_12m_105,45,12m,105
54,434996,0,reward_12m_105,60,12m,105
55,434997,0,reward_12m_105,60,12m,105
56,434998,1,reward_12m_105,45,12m,105
57,434999,0,reward_12m_105,60,12m,105
58,435000,0,reward_12m_105,60,12m,105
59,435002,0,reward_12m_105,60,12m,105
60,435003,1,reward_12m_105,60,12m,105
61,435004,0,reward_12m_105,45,12m,105
62,435005,0,reward_12m_105,50,12m,105
63,435008,1,reward_12m_105,40,12m,105
64,435009,0,reward_12m_105,95,12m,105
65,435010,0,reward_12m_105,60,12m,105
66,435011,0,reward_12m_105,95,12m,105
67,435013,0,reward_12m_105,57,12m,105
68,435015,0,reward_12m_105,60,12m,105
69,435016,0,reward_12m_105,60,12m,105
70,435017,0,reward_12m_105,60,12m,105
71,435018,0,reward_12m_105,60,12m,105
72,435019,1,reward_12m_105,45,12m,105
73,435020,0,reward_12m_105,50,12m,105
74,435021,0,reward_12m_105,55,12m,105
75,435022,1,reward_12m_105,45,12m,105
76,435024,1,reward_12m_105,45,12m,105
77,435026,1,reward_12m_105,15,12m,105
78,435027,0,reward_12m_105,60,12m,105
79,435028,0,reward_12m_105,60,12m,105
80,435029,0,reward_12m_105,60,12m,105
81,435030,1,reward_12m_105,0,12m,105
82,435031,1,reward_12m_105,60,12m,105
83,435032,1,reward_12m_105,35,12m,105
84,435033,1,reward_12m_105,35,12m,105
85,435035,0,reward_12m_105,60,12m,105
86,435036,1,reward_12m_105,35,12m,105
87,435038,0,reward_12m_105,45,12m,105
88,435039,0,reward_12m_105,60,12m,105
89,435040,0,reward_12m_105,60,12m,105
90,435041,0,reward_12m_105,60,12m,105
91,435042,1,reward_12m_105,40,12m,105
92,435043,0,reward_12m_105,65,12m,105
93,435045,0,reward_12m_105,65,12m,105
94,435046,1,reward_12m_105,15,12m,105
95,435049,1,reward_12m_105,30,12m,105
96,435052,0,reward_12m_105,50,12m,105
97,435053,0,reward_12m_105,45,12m,105
98,435054,0,reward_12m_105,60,12m,105
99,435055,0,reward_12m_105,60,12m,105
100,435056,1,reward_12m_105,45,12m,105
101,435057,0,reward_12m_105,60,12m,105
102,435060,1,reward_12m_105,30,12m,105
103,435062,0,reward_12m_105,60,12m,105
104,435063,1,reward_12m_105,25,12m,105
105,435064,0,reward_12m_105,60,12m,105
106,435065,1,reward_12m_105,15,12m,105
107,435066,0,reward_12m_105,60,12m,105
108,435067,0,reward_12m_105,60,12m,105
109,435068,1,reward_12m_105,35,12m,105
110,435069,0,reward_12m_105,60,12m,105
111,435070,0,reward_12m_105,60,12m,105
112,435072,0,reward_12m_105,70,12m,105
113,435074,1,reward_12m_105,45,12m,105
114,435075,1,reward_12m_105,60,12m,105
115,435076,1,reward_12m_105,20,12m,105
116,435077,0,reward_12m_105,75,12m,105
117,435079,0,reward_12m_105,60,12m,105
118,435080,0,reward_12m_105,-15,12m,105
119,435081,1,reward_12m_105,25,12m,105
120,435083,0,reward_12m_105,60,12m,105
121,435084,1,reward_12m_105,0,12m,105
122,435086,0,reward_12m_105,85,12m,105
123,435087,0,reward_12m_105,65,12m,105
124,435089,0,reward_12m_105,55,12m,105
125,435092,0,reward_12m_105,60,12m,105
126,435093,1,reward_12m_105,60,12m,105
127,435095,0,reward_12m_105,45,12m,105
128,435096,0,reward_12m_105,60,12m,105
129,435097,0,reward_12m_105,60,12m,105
130,435098,1,reward_12m_105,55,12m,105
131,435099,0,reward_12m_105,65,12m,105
132,435100,1,reward_12m_105,45,12m,105
133,435101,1,reward_12m_105,35,12m,105
134,435103,0,reward_12m_105,60,12m,105
135,435104,1,reward_12m_105,25,12m,105
136,435105,0,reward_12m_105,60,12m,105
137,435106,0,reward_12m_105,60,12m,105
138,435107,1,reward_12m_105,45,12m,105
139,435108,1,reward_12m_105,35,12m,105
140,435110,0,reward_12m_105,60,12m,105
141,435111,0,reward_12m_105,60,12m,105
142,435113,1,reward_12m_105,35,12m,105
143,435114,0,reward_12m_105,60,12m,105
144,435115,0,reward_12m_105,55,12m,105
145,435116,0,reward_12m_105,95,12m,105
146,435117,0,reward_12m_105,65,12m,105
147,435118,0,reward_12m_105,60,12m,105
148,435119,1,reward_12m_105,45,12m,105
149,435120,0,reward_12m_105,80,12m,105
150,435121,0,reward_12m_105,75,12m,105
151,435122,0,reward_12m_105,60,12m,105
152,435123,1,reward_12m_105,35,12m,105
153,435124,1,reward_12m_105,55,12m,105
154,435130,0,reward_12m_105,45,12m,105
155,435131,0,reward_12m_105,55,12m,105
156,435132,1,reward_12m_105,0,12m,105
157,434923,0,reward_12m_185,65,12m,185
158,434926,0,reward_12m_185,60,12m,185
159,434927,0,reward_12m_185,65,12m,185
160,434928,1,reward_12m_185,15,12m,185
161,434930,0,reward_12m_185,60,12m,185
162,434931,0,reward_12m_185,60,12m,185
163,434932,0,reward_12m_185,0,12m,185
164,434934,0,reward_12m_185,50,12m,185
165,434935,1,reward_12m_185,35,12m,185
166,434936,1,reward_12m_185,15,12m,185
167,434937,1,reward_12m_185,0,12m,185
168,434940,0,reward_12m_185,60,12m,185
169,434941,0,reward_12m_185,60,12m,185
170,434942,1,reward_12m_185,40,12m,185
171,434943,0,reward_12m_185,65,12m,185
172,434944,0,reward_12m_185,-65,12m,185
173,434945,0,reward_12m_185,60,12m,185
174,434946,1,reward_12m_185,35,12m,185
175,434947,0,reward_12m_185,60,12m,185
176,434949,1,reward_12m_185,30,12m,185
177,434952,0,reward_12m_185,60,12m,185
178,434953,1,reward_12m_185,60,12m,185
179,434954,0,reward_12m_185,60,12m,185
180,434955,0,reward_12m_185,60,12m,185
181,434957,0,reward_12m_185,55,12m,185
182,434958,0,reward_12m_185,60,12m,185
183,434959,0,reward_12m_185,55,12m,185
184,434960,0,reward_12m_185,65,12m,185
185,434961,0,reward_12m_185,60,12m,185
186,434962,0,reward_12m_185,60,12m,185
187,434963,0,reward_12m_185,57,12m,185
188,434964,0,reward_12m_185,65,12m,185
189,434966,1,reward_12m_185,45,12m,185
190,434967,0,reward_12m_185,115,12m,185
191,434968,0,reward_12m_185,60,12m,185
192,434971,0,reward_12m_185,65,12m,185
193,434974,1,reward_12m_185,55,12m,185
194,434976,0,reward_12m_185,60,12m,185
195,434977,1,reward_12m_185,60,12m,185
196,434978,0,reward_12m_185,50,12m,185
197,434979,1,reward_12m_185,50,12m,185
198,434980,0,reward_12m_185,65,12m,185
199,434981,0,reward_12m_185,60,12m,185
200,434982,0,reward_12m_185,60,12m,185
201,434983,0,reward_12m_185,60,12m,185
202,434984,0,reward_12m_185,60,12m,185
203,434985,0,reward_12m_185,60,12m,185
204,434986,1,reward_12m_185,35,12m,185
205,434988,0,reward_12m_185,60,12m,185
206,434989,0,reward_12m_185,60,12m,185
207,434990,0,reward_12m_185,60,12m,185
208,434992,0,reward_12m_185,60,12m,185
209,434993,1,reward_12m_185,40,12m,185
210,434995,1,reward_12m_185,15,12m,185
211,434996,0,reward_12m_185,60,12m,185
212,434997,0,reward_12m_185,60,12m,185
213,434998,1,reward_12m_185,25,12m,185
214,434999,0,reward_12m_185,60,12m,185
215,435000,0,reward_12m_185,60,12m,185
216,435002,0,reward_12m_185,55,12m,185
217,435003,1,reward_12m_185,55,12m,185
218,435004,0,reward_12m_185,55,12m,185
219,435005,0,reward_12m_185,53,12m,185
220,435008,1,reward_12m_185,35,12m,185
221,435009,0,reward_12m_185,65,12m,185
222,435010,0,reward_12m_185,60,12m,185
223,435011,0,reward_12m_185,115,12m,185
224,435013,0,reward_12m_185,58,12m,185
225,435015,0,reward_12m_185,60,12m,185
226,435016,0,reward_12m_185,60,12m,185
227,435017,0,reward_12m_185,60,12m,185
228,435018,0,reward_12m_185,60,12m,185
229,435019,1,reward_12m_185,45,12m,185
230,435020,0,reward_12m_185,50,12m,185
231,435021,0,reward_12m_185,55,12m,185
232,435022,1,reward_12m_185,45,12m,185
233,435024,1,reward_12m_185,45,12m,185
234,435026,1,reward_12m_185,15,12m,185
235,435027,0,reward_12m_185,60,12m,185
236,435028,0,reward_12m_185,60,12m,185
237,435029,0,reward_12m_185,60,12m,185
238,435030,1,reward_12m_185,60,12m,185
239,435031,1,reward_12m_185,5,12m,185
240,435032,1,reward_12m_185,15,12m,185
241,435033,1,reward_12m_185,15,12m,185
242,435035,0,reward_12m_185,60,12m,185
243,435036,1,reward_12m_185,15,12m,185
244,435038,0,reward_12m_185,55,12m,185
245,435039,0,reward_12m_185,50,12m,185
246,435040,0,reward_12m_185,60,12m,185
247,435041,0,reward_12m_185,60,12m,185
248,435042,1,reward_12m_185,35,12m,185
249,435043,0,reward_12m_185,60,12m,185
250,435045,0,reward_12m_185,65,12m,185
251,435046,1,reward_12m_185,30,12m,185
252,435049,1,reward_12m_185,20,12m,185
253,435052,0,reward_12m_185,50,12m,185
254,435053,0,reward_12m_185,55,12m,185
255,435054,0,reward_12m_185,60,12m,185
256,435055,0,reward_12m_185,60,12m,185
257,435056,1,reward_12m_185,35,12m,185
258,435057,0,reward_12m_185,55,12m,185
259,435060,1,reward_12m_185,30,12m,185
260,435062,0,reward_12m_185,60,12m,185
261,435063,1,reward_12m_185,15,12m,185
262,435064,0,reward_12m_185,60,12m,185
263,435065,1,reward_12m_185,15,12m,185
264,435066,0,reward_12m_185,60,12m,185
265,435067,0,reward_12m_185,60,12m,185
266,435068,1,reward_12m_185,35,12m,185
267,435069,0,reward_12m_185,80,12m,185
268,435070,0,reward_12m_185,55,12m,185
269,435072,0,reward_12m_185,35,12m,185
270,435074,1,reward_12m_185,40,12m,185
271,435075,1,reward_12m_185,60,12m,185
272,435076,1,reward_12m_185,25,12m,185
273,435077,0,reward_12m_185,5,12m,185
274,435079,0,reward_12m_185,60,12m,185
275,435080,0,reward_12m_185,45,12m,185
276,435081,1,reward_12m_185,15,12m,185
277,435083,0,reward_12m_185,50,12m,185
278,435084,1,reward_12m_185,0,12m,185
279,435086,0,reward_12m_185,65,12m,185
280,435087,0,reward_12m_185,65,12m,185
281,435089,0,reward_12m_185,55,12m,185
282,435092,0,reward_12m_185,60,12m,185
283,435093,1,reward_12m_185,-5,12m,185
284,435095,0,reward_12m_185,60,12m,185
285,435096,0,reward_12m_185,60,12m,185
286,435097,0,reward_12m_185,-40,12m,185
287,435098,1,reward_12m_185,55,12m,185
288,435099,0,reward_12m_185,65,12m,185
289,435100,1,reward_12m_185,55,12m,185
290,435101,1,reward_12m_185,15,12m,185
291,435103,0,reward_12m_185,60,12m,185
292,435104,1,reward_12m_185,15,12m,185
293,435105,0,reward_12m_185,60,12m,185
294,435106,0,reward_12m_185,60,12m,185
295,435107,1,reward_12m_185,25,12m,185
296,435108,1,reward_12m_185,45,12m,185
297,435110,0,reward_12m_185,60,12m,185
298,435111,0,reward_12m_185,60,12m,185
299,435113,1,reward_12m_185,45,12m,185
300,435114,0,reward_12m_185,60,12m,185
301,435115,0,reward_12m_185,55,12m,185
302,435116,0,reward_12m_185,90,12m,185
303,435117,0,reward_12m_185,-40,12m,185
304,435118,0,reward_12m_185,60,12m,185
305,435119,1,reward_12m_185,35,12m,185
306,435120,0,reward_12m_185,75,12m,185
307,435121,0,reward_12m_185,35,12m,185
308,435122,0,reward_12m_185,60,12m,185
309,435123,1,reward_12m_185,35,12m,185
310,435124,1,reward_12m_185,55,12m,185
311,435130,0,reward_12m_185,35,12m,185
312,435131,0,reward_12m_185,55,12m,185
313,435132,1,reward_12m_185,0,12m,185
314,434923,0,reward_12m_25,60,12m,25
315,434926,0,reward_12m_25,60,12m,25
316,434927,0,reward_12m_25,65,12m,25
317,434928,1,reward_12m_25,25,12m,25
318,434930,0,reward_12m_25,60,12m,25
319,434931,0,reward_12m_25,60,12m,25
320,434932,0,reward_12m_25,75,12m,25
321,434934,0,reward_12m_25,55,12m,25
322,434935,1,reward_12m_25,55,12m,25
323,434936,1,reward_12m_25,35,12m,25
324,434937,1,reward_12m_25,0,12m,25
325,434940,0,reward_12m_25,60,12m,25
326,434941,0,reward_12m_25,60,12m,25
327,434942,1,reward_12m_25,35,12m,25
328,434943,0,reward_12m_25,60,12m,25
329,434944,0,reward_12m_25,60,12m,25
330,434945,0,reward_12m_25,60,12m,25
331,434946,1,reward_12m_25,55,12m,25
332,434947,0,reward_12m_25,60,12m,25
333,434949,1,reward_12m_25,45,12m,25
334,434952,0,reward_12m_25,60,12m,25
335,434953,1,reward_12m_25,60,12m,25
336,434954,0,reward_12m_25,60,12m,25
337,434955,0,reward_12m_25,60,12m,25
338,434957,0,reward_12m_25,55,12m,25
339,434958,0,reward_12m_25,60,12m,25
340,434959,0,reward_12m_25,55,12m,25
341,434960,0,reward_12m_25,75,12m,25
342,434961,0,reward_12m_25,60,12m,25
343,434962,0,reward_12m_25,60,12m,25
344,434963,0,reward_12m_25,49,12m,25
345,434964,0,reward_12m_25,65,12m,25
346,434966,1,reward_12m_25,60,12m,25
347,434967,0,reward_12m_25,75,12m,25
348,434968,0,reward_12m_25,60,12m,25
349,434971,0,reward_12m_25,60,12m,25
350,434974,1,reward_12m_25,60,12m,25
351,434976,0,reward_12m_25,60,12m,25
352,434977,1,reward_12m_25,60,12m,25
353,434978,0,reward_12m_25,60,12m,25
354,434979,1,reward_12m_25,55,12m,25
355,434980,0,reward_12m_25,75,12m,25
356,434981,0,reward_12m_25,60,12m,25
357,434982,0,reward_12m_25,60,12m,25
358,434983,0,reward_12m_25,60,12m,25
359,434984,0,reward_12m_25,55,12m,25
360,434985,0,reward_12m_25,60,12m,25
361,434986,1,reward_12m_25,35,12m,25
362,434988,0,reward_12m_25,60,12m,25
363,434989,0,reward_12m_25,60,12m,25
364,434990,0,reward_12m_25,60,12m,25
365,434992,0,reward_12m_25,60,12m,25
366,434993,1,reward_12m_25,45,12m,25
367,434995,1,reward_12m_25,25,12m,25
368,434996,0,reward_12m_25,60,12m,25
369,434997,0,reward_12m_25,60,12m,25
370,434998,1,reward_12m_25,55,12m,25
371,434999,0,reward_12m_25,60,12m,25
372,435000,0,reward_12m_25,60,12m,25
373,435002,0,reward_12m_25,55,12m,25
374,435003,1,reward_12m_25,35,12m,25
375,435004,0,reward_12m_25,60,12m,25
376,435005,0,reward_12m_25,50,12m,25
377,435008,1,reward_12m_25,55,12m,25
378,435009,0,reward_12m_25,75,12m,25
379,435010,0,reward_12m_25,60,12m,25
380,435011,0,reward_12m_25,75,12m,25
381,435013,0,reward_12m_25,60,12m,25
382,435015,0,reward_12m_25,60,12m,25
383,435016,0,reward_12m_25,50,12m,25
384,435017,0,reward_12m_25,60,12m,25
385,435018,0,reward_12m_25,60,12m,25
386,435019,1,reward_12m_25,50,12m,25
387,435020,0,reward_12m_25,50,12m,25
388,435021,0,reward_12m_25,55,12m,25
389,435022,1,reward_12m_25,60,12m,25
390,435024,1,reward_12m_25,45,12m,25
391,435026,1,reward_12m_25,25,12m,25
392,435027,0,reward_12m_25,60,12m,25
393,435028,0,reward_12m_25,60,12m,25
394,435029,0,reward_12m_25,60,12m,25
395,435030,1,reward_12m_25,0,12m,25
396,435031,1,reward_12m_25,60,12m,25
397,435032,1,reward_12m_25,35,12m,25
398,435033,1,reward_12m_25,25,12m,25
399,435035,0,reward_12m_25,60,12m,25
400,435036,1,reward_12m_25,25,12m,25
401,435038,0,reward_12m_25,55,12m,25
402,435039,0,reward_12m_25,60,12m,25
403,435040,0,reward_12m_25,60,12m,25
404,435041,0,reward_12m_25,60,12m,25
405,435042,1,reward_12m_25,25,12m,25
406,435043,0,reward_12m_25,65,12m,25
407,435045,0,reward_12m_25,75,12m,25
408,435046,1,reward_12m_25,50,12m,25
409,435049,1,reward_12m_25,30,12m,25
410,435052,0,reward_12m_25,55,12m,25
411,435053,0,reward_12m_25,55,12m,25
412,435054,0,reward_12m_25,60,12m,25
413,435055,0,reward_12m_25,60,12m,25
414,435056,1,reward_12m_25,35,12m,25
415,435057,0,reward_12m_25,60,12m,25
416,435060,1,reward_12m_25,30,12m,25
417,435062,0,reward_12m_25,60,12m,25
418,435063,1,reward_12m_25,35,12m,25
419,435064,0,reward_12m_25,60,12m,25
420,435065,1,reward_12m_25,35,12m,25
421,435066,0,reward_12m_25,60,12m,25
422,435067,0,reward_12m_25,60,12m,25
423,435068,1,reward_12m_25,25,12m,25
424,435069,0,reward_12m_25,60,12m,25
425,435070,0,reward_12m_25,60,12m,25
426,435072,0,reward_12m_25,75,12m,25
427,435074,1,reward_12m_25,35,12m,25
428,435075,1,reward_12m_25,60,12m,25
429,435076,1,reward_12m_25,50,12m,25
430,435077,0,reward_12m_25,55,12m,25
431,435079,0,reward_12m_25,60,12m,25
432,435080,0,reward_12m_25,55,12m,25
433,435081,1,reward_12m_25,25,12m,25
434,435083,0,reward_12m_25,60,12m,25
435,435084,1,reward_12m_25,0,12m,25
436,435086,0,reward_12m_25,75,12m,25
437,435087,0,reward_12m_25,65,12m,25
438,435089,0,reward_12m_25,60,12m,25
439,435092,0,reward_12m_25,60,12m,25
440,435093,1,reward_12m_25,60,12m,25
441,435095,0,reward_12m_25,50,12m,25
442,435096,0,reward_12m_25,60,12m,25
443,435097,0,reward_12m_25,60,12m,25
444,435098,1,reward_12m_25,55,12m,25
445,435099,0,reward_12m_25,65,12m,25
446,435100,1,reward_12m_25,50,12m,25
447,435101,1,reward_12m_25,35,12m,25
448,435103,0,reward_12m_25,60,12m,25
449,435104,1,reward_12m_25,15,12m,25
450,435105,0,reward_12m_25,60,12m,25
451,435106,0,reward_12m_25,60,12m,25
452,435107,1,reward_12m_25,25,12m,25
453,435108,1,reward_12m_25,45,12m,25
454,435110,0,reward_12m_25,60,12m,25
455,435111,0,reward_12m_25,60,12m,25
456,435113,1,reward_12m_25,50,12m,25
457,435114,0,reward_12m_25,60,12m,25
458,435115,0,reward_12m_25,55,12m,25
459,435116,0,reward_12m_25,75,12m,25
460,435117,0,reward_12m_25,60,12m,25
461,435118,0,reward_12m_25,60,12m,25
462,435119,1,reward_12m_25,25,12m,25
463,435120,0,reward_12m_25,75,12m,25
464,435121,0,reward_12m_25,75,12m,25
465,435122,0,reward_12m_25,60,12m,25
466,435123,1,reward_12m_25,55,12m,25
467,435124,1,reward_12m_25,60,12m,25
468,435130,0,reward_12m_25,45,12m,25
469,435131,0,reward_12m_25,55,12m,25
470,435132,1,reward_12m_25,35,12m,25
471,434923,0,reward_12m_265,60,12m,265
472,434926,0,reward_12m_265,60,12m,265
473,434927,0,reward_12m_265,65,12m,265
474,434928,1,reward_12m_265,35,12m,265
475,434930,0,reward_12m_265,60,12m,265
476,434931,0,reward_12m_265,60,12m,265
477,434932,0,reward_12m_265,135,12m,265
478,434934,0,reward_12m_265,45,12m,265
479,434935,1,reward_12m_265,35,12m,265
480,434936,1,reward_12m_265,10,12m,265
481,434937,1,reward_12m_265,0,12m,265
482,434940,0,reward_12m_265,60,12m,265
483,434941,0,reward_12m_265,60,12m,265
484,434942,1,reward_12m_265,35,12m,265
485,434943,0,reward_12m_265,85,12m,265
486,434944,0,reward_12m_265,60,12m,265
487,434945,0,reward_12m_265,60,12m,265
488,434946,1,reward_12m_265,35,12m,265
489,434947,0,reward_12m_265,60,12m,265
490,434949,1,reward_12m_265,30,12m,265
491,434952,0,reward_12m_265,170,12m,265
492,434953,1,reward_12m_265,60,12m,265
493,434954,0,reward_12m_265,60,12m,265
494,434955,0,reward_12m_265,60,12m,265
495,434957,0,reward_12m_265,50,12m,265
496,434958,0,reward_12m_265,60,12m,265
497,434959,0,reward_12m_265,45,12m,265
498,434960,0,reward_12m_265,85,12m,265
499,434961,0,reward_12m_265,60,12m,265
500,434962,0,reward_12m_265,60,12m,265
501,434963,0,reward_12m_265,55,12m,265
502,434964,0,reward_12m_265,65,12m,265
503,434966,1,reward_12m_265,45,12m,265
504,434967,0,reward_12m_265,135,12m,265
505,434968,0,reward_12m_265,60,12m,265
506,434971,0,reward_12m_265,60,12m,265
507,434974,1,reward_12m_265,45,12m,265
508,434976,0,reward_12m_265,60,12m,265
509,434977,1,reward_12m_265,60,12m,265
510,434978,0,reward_12m_265,45,12m,265
511,434979,1,reward_12m_265,45,12m,265
512,434980,0,reward_12m_265,85,12m,265
513,434981,0,reward_12m_265,60,12m,265
514,434982,0,reward_12m_265,60,12m,265
515,434983,0,reward_12m_265,60,12m,265
516,434984,0,reward_12m_265,60,12m,265
517,434985,0,reward_12m_265,60,12m,265
518,434986,1,reward_12m_265,30,12m,265
519,434988,0,reward_12m_265,60,12m,265
520,434989,0,reward_12m_265,60,12m,265
521,434990,0,reward_12m_265,60,12m,265
522,434992,0,reward_12m_265,60,12m,265
523,434993,1,reward_12m_265,35,12m,265
524,434995,1,reward_12m_265,35,12m,265
525,434996,0,reward_12m_265,60,12m,265
526,434997,0,reward_12m_265,60,12m,265
527,434998,1,reward_12m_265,35,12m,265
528,434999,0,reward_12m_265,60,12m,265
529,435000,0,reward_12m_265,60,12m,265
530,435002,0,reward_12m_265,55,12m,265
531,435003,1,reward_12m_265,35,12m,265
532,435004,0,reward_12m_265,55,12m,265
533,435005,0,reward_12m_265,53,12m,265
534,435008,1,reward_12m_265,40,12m,265
535,435009,0,reward_12m_265,135,12m,265
536,435010,0,reward_12m_265,60,12m,265
537,435011,0,reward_12m_265,105,12m,265
538,435013,0,reward_12m_265,59,12m,265
539,435015,0,reward_12m_265,60,12m,265
540,435016,0,reward_12m_265,60,12m,265
541,435017,0,reward_12m_265,60,12m,265
542,435018,0,reward_12m_265,40,12m,265
543,435019,1,reward_12m_265,45,12m,265
544,435020,0,reward_12m_265,50,12m,265
545,435021,0,reward_12m_265,55,12m,265
546,435022,1,reward_12m_265,35,12m,265
547,435024,1,reward_12m_265,35,12m,265
548,435026,1,reward_12m_265,35,12m,265
549,435027,0,reward_12m_265,60,12m,265
550,435028,0,reward_12m_265,60,12m,265
551,435029,0,reward_12m_265,60,12m,265
552,435030,1,reward_12m_265,0,12m,265
553,435031,1,reward_12m_265,60,12m,265
554,435032,1,reward_12m_265,35,12m,265
555,435033,1,reward_12m_265,15,12m,265
556,435035,0,reward_12m_265,60,12m,265
557,435036,1,reward_12m_265,35,12m,265
558,435038,0,reward_12m_265,55,12m,265
559,435039,0,reward_12m_265,60,12m,265
560,435040,0,reward_12m_265,60,12m,265
561,435041,0,reward_12m_265,60,12m,265
562,435042,1,reward_12m_265,35,12m,265
563,435043,0,reward_12m_265,65,12m,265
564,435045,0,reward_12m_265,85,12m,265
565,435046,1,reward_12m_265,10,12m,265
566,435049,1,reward_12m_265,25,12m,265
567,435052,0,reward_12m_265,45,12m,265
568,435053,0,reward_12m_265,75,12m,265
569,435054,0,reward_12m_265,60,12m,265
570,435055,0,reward_12m_265,60,12m,265
571,435056,1,reward_12m_265,35,12m,265
572,435057,0,reward_12m_265,60,12m,265
573,435060,1,reward_12m_265,25,12m,265
574,435062,0,reward_12m_265,60,12m,265
575,435063,1,reward_12m_265,35,12m,265
576,435064,0,reward_12m_265,60,12m,265
577,435065,1,reward_12m_265,25,12m,265
578,435066,0,reward_12m_265,60,12m,265
579,435067,0,reward_12m_265,60,12m,265
580,435068,1,reward_12m_265,25,12m,265
581,435069,0,reward_12m_265,60,12m,265
582,435070,0,reward_12m_265,56,12m,265
583,435072,0,reward_12m_265,45,12m,265
584,435074,1,reward_12m_265,35,12m,265
585,435075,1,reward_12m_265,60,12m,265
586,435076,1,reward_12m_265,25,12m,265
587,435077,0,reward_12m_265,35,12m,265
588,435079,0,reward_12m_265,60,12m,265
589,435080,0,reward_12m_265,60,12m,265
590,435081,1,reward_12m_265,35,12m,265
591,435083,0,reward_12m_265,50,12m,265
592,435084,1,reward_12m_265,0,12m,265
593,435086,0,reward_12m_265,85,12m,265
594,435087,0,reward_12m_265,85,12m,265
595,435089,0,reward_12m_265,50,12m,265
596,435092,0,reward_12m_265,60,12m,265
597,435093,1,reward_12m_265,60,12m,265
598,435095,0,reward_12m_265,60,12m,265
599,435096,0,reward_12m_265,60,12m,265
600,435097,0,reward_12m_265,60,12m,265
601,435098,1,reward_12m_265,35,12m,265
602,435099,0,reward_12m_265,65,12m,265
603,435100,1,reward_12m_265,35,12m,265
604,435101,1,reward_12m_265,25,12m,265
605,435103,0,reward_12m_265,60,12m,265
606,435104,1,reward_12m_265,15,12m,265
607,435105,0,reward_12m_265,60,12m,265
608,435106,0,reward_12m_265,60,12m,265
609,435107,1,reward_12m_265,35,12m,265
610,435108,1,reward_12m_265,35,12m,265
611,435110,0,reward_12m_265,60,12m,265
612,435111,0,reward_12m_265,60,12m,265
613,435113,1,reward_12m_265,35,12m,265
614,435114,0,reward_12m_265,60,12m,265
615,435115,0,reward_12m_265,45,12m,265
616,435116,0,reward_12m_265,85,12m,265
617,435117,0,reward_12m_265,65,12m,265
618,435118,0,reward_12m_265,60,12m,265
619,435119,1,reward_12m_265,45,12m,265
620,435120,0,reward_12m_265,135,12m,265
621,435121,0,reward_12m_265,35,12m,265
622,435122,0,reward_12m_265,60,12m,265
623,435123,1,reward_12m_265,35,12m,265
624,435124,1,reward_12m_265,55,12m,265
625,435130,0,reward_12m_265,35,12m,265
626,435131,0,reward_12m_265,55,12m,265
627,435132,1,reward_12m_265,0,12m,265
628,434923,0,reward_12m_345,60,12m,345
629,434926,0,reward_12m_345,60,12m,345
630,434927,0,reward_12m_345,65,12m,345
631,434928,1,reward_12m_345,5,12m,345
632,434930,0,reward_12m_345,60,12m,345
633,434931,0,reward_12m_345,60,12m,345
634,434932,0,reward_12m_345,155,12m,345
635,434934,0,reward_12m_345,50,12m,345
636,434935,1,reward_12m_345,55,12m,345
637,434936,1,reward_12m_345,25,12m,345
638,434937,1,reward_12m_345,0,12m,345
639,434940,0,reward_12m_345,60,12m,345
640,434941,0,reward_12m_345,60,12m,345
641,434942,1,reward_12m_345,15,12m,345
642,434943,0,reward_12m_345,70,12m,345
643,434944,0,reward_12m_345,60,12m,345
644,434945,0,reward_12m_345,60,12m,345
645,434946,1,reward_12m_345,30,12m,345
646,434947,0,reward_12m_345,60,12m,345
647,434949,1,reward_12m_345,30,12m,345
648,434952,0,reward_12m_345,60,12m,345
649,434953,1,reward_12m_345,60,12m,345
650,434954,0,reward_12m_345,60,12m,345
651,434955,0,reward_12m_345,60,12m,345
652,434957,0,reward_12m_345,150,12m,345
653,434958,0,reward_12m_345,60,12m,345
654,434959,0,reward_12m_345,55,12m,345
655,434960,0,reward_12m_345,155,12m,345
656,434961,0,reward_12m_345,55,12m,345
657,434962,0,reward_12m_345,60,12m,345
658,434963,0,reward_12m_345,55,12m,345
659,434964,0,reward_12m_345,65,12m,345
660,434966,1,reward_12m_345,45,12m,345
661,434967,0,reward_12m_345,90,12m,345
662,434968,0,reward_12m_345,60,12m,345
663,434971,0,reward_12m_345,60,12m,345
664,434974,1,reward_12m_345,45,12m,345
665,434976,0,reward_12m_345,60,12m,345
666,434977,1,reward_12m_345,60,12m,345
667,434978,0,reward_12m_345,45,12m,345
668,434979,1,reward_12m_345,45,12m,345
669,434980,0,reward_12m_345,155,12m,345
670,434981,0,reward_12m_345,60,12m,345
671,434982,0,reward_12m_345,60,12m,345
672,434983,0,reward_12m_345,60,12m,345
673,434984,0,reward_12m_345,55,12m,345
674,434985,0,reward_12m_345,60,12m,345
675,434986,1,reward_12m_345,45,12m,345
676,434988,0,reward_12m_345,60,12m,345
677,434989,0,reward_12m_345,60,12m,345
678,434990,0,reward_12m_345,60,12m,345
679,434992,0,reward_12m_345,60,12m,345
680,434993,1,reward_12m_345,30,12m,345
681,434995,1,reward_12m_345,55,12m,345
682,434996,0,reward_12m_345,60,12m,345
683,434997,0,reward_12m_345,60,12m,345
684,434998,1,reward_12m_345,15,12m,345
685,434999,0,reward_12m_345,60,12m,345
686,435000,0,reward_12m_345,60,12m,345
687,435002,0,reward_12m_345,60,12m,345
688,435003,1,reward_12m_345,55,12m,345
689,435004,0,reward_12m_345,55,12m,345
690,435005,0,reward_12m_345,20,12m,345
691,435008,1,reward_12m_345,40,12m,345
692,435009,0,reward_12m_345,155,12m,345
693,435010,0,reward_12m_345,60,12m,345
694,435011,0,reward_12m_345,75,12m,345
695,435013,0,reward_12m_345,60,12m,345
696,435015,0,reward_12m_345,60,12m,345
697,435016,0,reward_12m_345,60,12m,345
698,435017,0,reward_12m_345,60,12m,345
699,435018,0,reward_12m_345,60,12m,345
700,435019,1,reward_12m_345,15,12m,345
701,435020,0,reward_12m_345,50,12m,345
702,435021,0,reward_12m_345,55,12m,345
703,435022,1,reward_12m_345,30,12m,345
704,435024,1,reward_12m_345,30,12m,345
705,435026,1,reward_12m_345,0,12m,345
706,435027,0,reward_12m_345,60,12m,345
707,435028,0,reward_12m_345,60,12m,345
708,435029,0,reward_12m_345,60,12m,345
709,435030,1,reward_12m_345,35,12m,345
710,435031,1,reward_12m_345,5,12m,345
711,435032,1,reward_12m_345,30,12m,345
712,435033,1,reward_12m_345,10,12m,345
713,435035,0,reward_12m_345,60,12m,345
714,435036,1,reward_12m_345,35,12m,345
715,435038,0,reward_12m_345,55,12m,345
716,435039,0,reward_12m_345,60,12m,345
717,435040,0,reward_12m_345,60,12m,345
718,435041,0,reward_12m_345,60,12m,345
719,435042,1,reward_12m_345,30,12m,345
720,435043,0,reward_12m_345,60,12m,345
721,435045,0,reward_12m_345,65,12m,345
722,435046,1,reward_12m_345,10,12m,345
723,435049,1,reward_12m_345,30,12m,345
724,435052,0,reward_12m_345,45,12m,345
725,435053,0,reward_12m_345,55,12m,345
726,435054,0,reward_12m_345,60,12m,345
727,435055,0,reward_12m_345,60,12m,345
728,435056,1,reward_12m_345,35,12m,345
729,435057,0,reward_12m_345,55,12m,345
730,435060,1,reward_12m_345,30,12m,345
731,435062,0,reward_12m_345,60,12m,345
732,435063,1,reward_12m_345,35,12m,345
733,435064,0,reward_12m_345,60,12m,345
734,435065,1,reward_12m_345,35,12m,345
735,435066,0,reward_12m_345,60,12m,345
736,435067,0,reward_12m_345,60,12m,345
737,435068,1,reward_12m_345,5,12m,345
738,435069,0,reward_12m_345,60,12m,345
739,435070,0,reward_12m_345,55,12m,345
740,435072,0,reward_12m_345,55,12m,345
741,435074,1,reward_12m_345,45,12m,345
742,435075,1,reward_12m_345,60,12m,345
743,435076,1,reward_12m_345,30,12m,345
744,435077,0,reward_12m_345,55,12m,345
745,435079,0,reward_12m_345,60,12m,345
746,435080,0,reward_12m_345,55,12m,345
747,435081,1,reward_12m_345,5,12m,345
748,435083,0,reward_12m_345,60,12m,345
749,435084,1,reward_12m_345,0,12m,345
750,435086,0,reward_12m_345,105,12m,345
751,435087,0,reward_12m_345,65,12m,345
752,435089,0,reward_12m_345,50,12m,345
753,435092,0,reward_12m_345,60,12m,345
754,435093,1,reward_12m_345,60,12m,345
755,435095,0,reward_12m_345,60,12m,345
756,435096,0,reward_12m_345,60,12m,345
757,435097,0,reward_12m_345,60,12m,345
758,435098,1,reward_12m_345,55,12m,345
759,435099,0,reward_12m_345,55,12m,345
760,435100,1,reward_12m_345,55,12m,345
761,435101,1,reward_12m_345,35,12m,345
762,435103,0,reward_12m_345,60,12m,345
763,435104,1,reward_12m_345,30,12m,345
764,435105,0,reward_12m_345,60,12m,345
765,435106,0,reward_12m_345,60,12m,345
766,435107,1,reward_12m_345,30,12m,345
767,435108,1,reward_12m_345,25,12m,345
768,435110,0,reward_12m_345,60,12m,345
769,435111,0,reward_12m_345,60,12m,345
770,435113,1,reward_12m_345,35,12m,345
771,435114,0,reward_12m_345,60,12m,345
772,435115,0,reward_12m_345,50,12m,345
773,435116,0,reward_12m_345,80,12m,345
774,435117,0,reward_12m_345,65,12m,345
775,435118,0,reward_12m_345,60,12m,345
776,435119,1,reward_12m_345,35,12m,345
777,435120,0,reward_12m_345,105,12m,345
778,435121,0,reward_12m_345,55,12m,345
779,435122,0,reward_12m_345,60,12m,345
780,435123,1,reward_12m_345,15,12m,345
781,435124,1,reward_12m_345,55,12m,345
782,435130,0,reward_12m_345,35,12m,345
783,435131,0,reward_12m_345,55,12m,345
784,435132,1,reward_12m_345,0,12m,345
785,434923,0,reward_12m_425,60,12m,425
786,434926,0,reward_12m_425,60,12m,425
787,434927,0,reward_12m_425,65,12m,425
788,434928,1,reward_12m_425,0,12m,425
789,434930,0,reward_12m_425,60,12m,425
790,434931,0,reward_12m_425,60,12m,425
791,434932,0,reward_12m_425,75,12m,425
792,434934,0,reward_12m_425,45,12m,425
793,434935,1,reward_12m_425,25,12m,425
794,434936,1,reward_12m_425,25,12m,425
795,434937,1,reward_12m_425,0,12m,425
796,434940,0,reward_12m_425,60,12m,425
797,434941,0,reward_12m_425,60,12m,425
798,434942,1,reward_12m_425,75,12m,425
799,434943,0,reward_12m_425,75,12m,425
800,434944,0,reward_12m_425,60,12m,425
801,434945,0,reward_12m_425,60,12m,425
802,434946,1,reward_12m_425,25,12m,425
803,434947,0,reward_12m_425,60,12m,425
804,434949,1,reward_12m_425,30,12m,425
805,434952,0,reward_12m_425,60,12m,425
806,434953,1,reward_12m_425,60,12m,425
807,434954,0,reward_12m_425,60,12m,425
808,434955,0,reward_12m_425,60,12m,425
809,434957,0,reward_12m_425,50,12m,425
810,434958,0,reward_12m_425,60,12m,425
811,434959,0,reward_12m_425,75,12m,425
812,434960,0,reward_12m_425,175,12m,425
813,434961,0,reward_12m_425,60,12m,425
814,434962,0,reward_12m_425,60,12m,425
815,434963,0,reward_12m_425,55,12m,425
816,434964,0,reward_12m_425,65,12m,425
817,434966,1,reward_12m_425,25,12m,425
818,434967,0,reward_12m_425,125,12m,425
819,434968,0,reward_12m_425,60,12m,425
820,434971,0,reward_12m_425,125,12m,425
821,434974,1,reward_12m_425,45,12m,425
822,434976,0,reward_12m_425,60,12m,425
823,434977,1,reward_12m_425,60,12m,425
824,434978,0,reward_12m_425,45,12m,425
825,434979,1,reward_12m_425,35,12m,425
826,434980,0,reward_12m_425,125,12m,425
827,434981,0,reward_12m_425,60,12m,425
828,434982,0,reward_12m_425,60,12m,425
829,434983,0,reward_12m_425,60,12m,425
830,434984,0,reward_12m_425,55,12m,425
831,434985,0,reward_12m_425,60,12m,425
832,434986,1,reward_12m_425,35,12m,425
833,434988,0,reward_12m_425,60,12m,425
834,434989,0,reward_12m_425,60,12m,425
835,434990,0,reward_12m_425,60,12m,425
836,434992,0,reward_12m_425,60,12m,425
837,434993,1,reward_12m_425,25,12m,425
838,434995,1,reward_12m_425,75,12m,425
839,434996,0,reward_12m_425,60,12m,425
840,434997,0,reward_12m_425,60,12m,425
841,434998,1,reward_12m_425,35,12m,425
842,434999,0,reward_12m_425,60,12m,425
843,435000,0,reward_12m_425,60,12m,425
844,435002,0,reward_12m_425,60,12m,425
845,435003,1,reward_12m_425,25,12m,425
846,435004,0,reward_12m_425,55,12m,425
847,435005,0,reward_12m_425,50,12m,425
848,435008,1,reward_12m_425,35,12m,425
849,435009,0,reward_12m_425,75,12m,425
850,435010,0,reward_12m_425,60,12m,425
851,435011,0,reward_12m_425,75,12m,425
852,435013,0,reward_12m_425,59,12m,425
853,435015,0,reward_12m_425,60,12m,425
854,435016,0,reward_12m_425,60,12m,425
855,435017,0,reward_12m_425,60,12m,425
856,435018,0,reward_12m_425,60,12m,425
857,435019,1,reward_12m_425,25,12m,425
858,435020,0,reward_12m_425,50,12m,425
859,435021,0,reward_12m_425,50,12m,425
860,435022,1,reward_12m_425,25,12m,425
861,435024,1,reward_12m_425,35,12m,425
862,435026,1,reward_12m_425,0,12m,425
863,435027,0,reward_12m_425,60,12m,425
864,435028,0,reward_12m_425,60,12m,425
865,435029,0,reward_12m_425,60,12m,425
866,435030,1,reward_12m_425,0,12m,425
867,435031,1,reward_12m_425,60,12m,425
868,435032,1,reward_12m_425,50,12m,425
869,435033,1,reward_12m_425,5,12m,425
870,435035,0,reward_12m_425,40,12m,425
871,435036,1,reward_12m_425,25,12m,425
872,435038,0,reward_12m_425,55,12m,425
873,435039,0,reward_12m_425,60,12m,425
874,435040,0,reward_12m_425,60,12m,425
875,435041,0,reward_12m_425,60,12m,425
876,435042,1,reward_12m_425,30,12m,425
877,435043,0,reward_12m_425,61,12m,425
878,435045,0,reward_12m_425,65,12m,425
879,435046,1,reward_12m_425,5,12m,425
880,435049,1,reward_12m_425,30,12m,425
881,435052,0,reward_12m_425,45,12m,425
882,435053,0,reward_12m_425,55,12m,425
883,435054,0,reward_12m_425,60,12m,425
884,435055,0,reward_12m_425,60,12m,425
885,435056,1,reward_12m_425,35,12m,425
886,435057,0,reward_12m_425,60,12m,425
887,435060,1,reward_12m_425,30,12m,425
888,435062,0,reward_12m_425,60,12m,425
889,435063,1,reward_12m_425,25,12m,425
890,435064,0,reward_12m_425,60,12m,425
891,435065,1,reward_12m_425,35,12m,425
892,435066,0,reward_12m_425,60,12m,425
893,435067,0,reward_12m_425,60,12m,425
894,435068,1,reward_12m_425,15,12m,425
895,435069,0,reward_12m_425,60,12m,425
896,435070,0,reward_12m_425,53,12m,425
897,435072,0,reward_12m_425,55,12m,425
898,435074,1,reward_12m_425,25,12m,425
899,435075,1,reward_12m_425,60,12m,425
900,435076,1,reward_12m_425,15,12m,425
901,435077,0,reward_12m_425,175,12m,425
902,435079,0,reward_12m_425,60,12m,425
903,435080,0,reward_12m_425,60,12m,425
904,435081,1,reward_12m_425,25,12m,425
905,435083,0,reward_12m_425,60,12m,425
906,435084,1,reward_12m_425,0,12m,425
907,435086,0,reward_12m_425,75,12m,425
908,435087,0,reward_12m_425,75,12m,425
909,435089,0,reward_12m_425,50,12m,425
910,435092,0,reward_12m_425,60,12m,425
911,435093,1,reward_12m_425,60,12m,425
912,435095,0,reward_12m_425,45,12m,425
913,435096,0,reward_12m_425,60,12m,425
914,435097,0,reward_12m_425,60,12m,425
915,435098,1,reward_12m_425,25,12m,425
916,435099,0,reward_12m_425,65,12m,425
917,435100,1,reward_12m_425,25,12m,425
918,435101,1,reward_12m_425,-265,12m,425
919,435103,0,reward_12m_425,60,12m,425
920,435104,1,reward_12m_425,15,12m,425
921,435105,0,reward_12m_425,160,12m,425
922,435106,0,reward_12m_425,60,12m,425
923,435107,1,reward_12m_425,25,12m,425
924,435108,1,reward_12m_425,30,12m,425
925,435110,0,reward_12m_425,60,12m,425
926,435111,0,reward_12m_425,60,12m,425
927,435113,1,reward_12m_425,35,12m,425
928,435114,0,reward_12m_425,60,12m,425
929,435115,0,reward_12m_425,75,12m,425
930,435116,0,reward_12m_425,95,12m,425
931,435117,0,reward_12m_425,60,12m,425
932,435118,0,reward_12m_425,60,12m,425
933,435119,1,reward_12m_425,45,12m,425
934,435120,0,reward_12m_425,75,12m,425
935,435121,0,reward_12m_425,75,12m,425
936,435122,0,reward_12m_425,60,12m,425
937,435123,1,reward_12m_425,25,12m,425
938,435124,1,reward_12m_425,35,12m,425
939,435130,0,reward_12m_425,75,12m,425
940,435131,0,reward_12m_425,55,12m,425
941,435132,1,reward_12m_425,0,12m,425
942,434923,0,reward_12m_505,60,12m,505
943,434926,0,reward_12m_505,60,12m,505
944,434927,0,reward_12m_505,65,12m,505
945,434928,1,reward_12m_505,0,12m,505
946,434930,0,reward_12m_505,60,12m,505
947,434931,0,reward_12m_505,60,12m,505
948,434932,0,reward_12m_505,95,12m,505
949,434934,0,reward_12m_505,45,12m,505
950,434935,1,reward_12m_505,45,12m,505
951,434936,1,reward_12m_505,45,12m,505
952,434937,1,reward_12m_505,0,12m,505
953,434940,0,reward_12m_505,60,12m,505
954,434941,0,reward_12m_505,60,12m,505
955,434942,1,reward_12m_505,25,12m,505
956,434943,0,reward_12m_505,75,12m,505
957,434944,0,reward_12m_505,60,12m,505
958,434945,0,reward_12m_505,60,12m,505
959,434946,1,reward_12m_505,45,12m,505
960,434947,0,reward_12m_505,60,12m,505
961,434949,1,reward_12m_505,30,12m,505
962,434952,0,reward_12m_505,60,12m,505
963,434953,1,reward_12m_505,60,12m,505
964,434954,0,reward_12m_505,60,12m,505
965,434955,0,reward_12m_505,60,12m,505
966,434957,0,reward_12m_505,40,12m,505
967,434958,0,reward_12m_505,60,12m,505
968,434959,0,reward_12m_505,55,12m,505
969,434960,0,reward_12m_505,70,12m,505
970,434961,0,reward_12m_505,60,12m,505
971,434962,0,reward_12m_505,60,12m,505
972,434963,0,reward_12m_505,55,12m,505
973,434964,0,reward_12m_505,65,12m,505
974,434966,1,reward_12m_505,45,12m,505
975,434967,0,reward_12m_505,195,12m,505
976,434968,0,reward_12m_505,60,12m,505
977,434971,0,reward_12m_505,95,12m,505
978,434974,1,reward_12m_505,45,12m,505
979,434976,0,reward_12m_505,60,12m,505
980,434977,1,reward_12m_505,0,12m,505
981,434978,0,reward_12m_505,40,12m,505
982,434979,1,reward_12m_505,35,12m,505
983,434980,0,reward_12m_505,95,12m,505
984,434981,0,reward_12m_505,60,12m,505
985,434982,0,reward_12m_505,60,12m,505
986,434983,0,reward_12m_505,60,12m,505
987,434984,0,reward_12m_505,45,12m,505
988,434985,0,reward_12m_505,60,12m,505
989,434986,1,reward_12m_505,35,12m,505
990,434988,0,reward_12m_505,60,12m,505
991,434989,0,reward_12m_505,60,12m,505
992,434990,0,reward_12m_505,60,12m,505
993,434992,0,reward_12m_505,60,12m,505
994,434993,1,reward_12m_505,15,12m,505
995,434995,1,reward_12m_505,45,12m,505
996,434996,0,reward_12m_505,60,12m,505
997,434997,0,reward_12m_505,60,12m,505
998,434998,1,reward_12m_505,45,12m,505
999,434999,0,reward_12m_505,60,12m,505
1000,435000,0,reward_12m_505,60,12m,505
1001,435002,0,reward_12m_505,60,12m,505
1002,435003,1,reward_12m_505,0,12m,505
1003,435004,0,reward_12m_505,45,12m,505
1004,435005,0,reward_12m_505,50,12m,505
1005,435008,1,reward_12m_505,20,12m,505
1006,435009,0,reward_12m_505,95,12m,505
1007,435010,0,reward_12m_505,60,12m,505
1008,435011,0,reward_12m_505,95,12m,505
1009,435013,0,reward_12m_505,59,12m,505
1010,435015,0,reward_12m_505,60,12m,505
1011,435016,0,reward_12m_505,60,12m,505
1012,435017,0,reward_12m_505,60,12m,505
1013,435018,0,reward_12m_505,60,12m,505
1014,435019,1,reward_12m_505,40,12m,505
1015,435020,0,reward_12m_505,50,12m,505
1016,435021,0,reward_12m_505,55,12m,505
1017,435022,1,reward_12m_505,20,12m,505
1018,435024,1,reward_12m_505,35,12m,505
1019,435026,1,reward_12m_505,0,12m,505
1020,435027,0,reward_12m_505,60,12m,505
1021,435028,0,reward_12m_505,60,12m,505
1022,435029,0,reward_12m_505,60,12m,505
1023,435030,1,reward_12m_505,0,12m,505
1024,435031,1,reward_12m_505,45,12m,505
1025,435032,1,reward_12m_505,45,12m,505
1026,435033,1,reward_12m_505,5,12m,505
1027,435035,0,reward_12m_505,60,12m,505
1028,435036,1,reward_12m_505,35,12m,505
1029,435038,0,reward_12m_505,45,12m,505
1030,435039,0,reward_12m_505,60,12m,505
1031,435040,0,reward_12m_505,60,12m,505
1032,435041,0,reward_12m_505,60,12m,505
1033,435042,1,reward_12m_505,25,12m,505
1034,435043,0,reward_12m_505,65,12m,505
1035,435045,0,reward_12m_505,75,12m,505
1036,435046,1,reward_12m_505,10,12m,505
1037,435049,1,reward_12m_505,90,12m,505
1038,435052,0,reward_12m_505,45,12m,505
1039,435053,0,reward_12m_505,45,12m,505
1040,435054,0,reward_12m_505,60,12m,505
1041,435055,0,reward_12m_505,60,12m,505
1042,435056,1,reward_12m_505,45,12m,505
1043,435057,0,reward_12m_505,60,12m,505
1044,435060,1,reward_12m_505,30,12m,505
1045,435062,0,reward_12m_505,60,12m,505
1046,435063,1,reward_12m_505,15,12m,505
1047,435064,0,reward_12m_505,60,12m,505
1048,435065,1,reward_12m_505,15,12m,505
1049,435066,0,reward_12m_505,60,12m,505
1050,435067,0,reward_12m_505,60,12m,505
1051,435068,1,reward_12m_505,25,12m,505
1052,435069,0,reward_12m_505,60,12m,505
1053,435070,0,reward_12m_505,50,12m,505
1054,435072,0,reward_12m_505,45,12m,505
1055,435074,1,reward_12m_505,20,12m,505
1056,435075,1,reward_12m_505,60,12m,505
1057,435076,1,reward_12m_505,20,12m,505
1058,435077,0,reward_12m_505,55,12m,505
1059,435079,0,reward_12m_505,60,12m,505
1060,435080,0,reward_12m_505,60,12m,505
1061,435081,1,reward_12m_505,0,12m,505
1062,435083,0,reward_12m_505,60,12m,505
1063,435084,1,reward_12m_505,0,12m,505
1064,435086,0,reward_12m_505,95,12m,505
1065,435087,0,reward_12m_505,65,12m,505
1066,435089,0,reward_12m_505,50,12m,505
1067,435092,0,reward_12m_505,60,12m,505
1068,435093,1,reward_12m_505,0,12m,505
1069,435095,0,reward_12m_505,45,12m,505
1070,435096,0,reward_12m_505,60,12m,505
1071,435097,0,reward_12m_505,60,12m,505
1072,435098,1,reward_12m_505,45,12m,505
1073,435099,0,reward_12m_505,65,12m,505
1074,435100,1,reward_12m_505,45,12m,505
1075,435101,1,reward_12m_505,25,12m,505
1076,435103,0,reward_12m_505,60,12m,505
1077,435104,1,reward_12m_505,45,12m,505
1078,435105,0,reward_12m_505,60,12m,505
1079,435106,0,reward_12m_505,60,12m,505
1080,435107,1,reward_12m_505,45,12m,505
1081,435108,1,reward_12m_505,30,12m,505
1082,435110,0,reward_12m_505,60,12m,505
1083,435111,0,reward_12m_505,60,12m,505
1084,435113,1,reward_12m_505,35,12m,505
1085,435114,0,reward_12m_505,60,12m,505
1086,435115,0,reward_12m_505,45,12m,505
1087,435116,0,reward_12m_505,95,12m,505
1088,435117,0,reward_12m_505,65,12m,505
1089,435118,0,reward_12m_505,60,12m,505
1090,435119,1,reward_12m_505,45,12m,505
1091,435120,0,reward_12m_505,95,12m,505
1092,435121,0,reward_12m_505,45,12m,505
1093,435122,0,reward_12m_505,60,12m,505
1094,435123,1,reward_12m_505,35,12m,505
1095,435124,1,reward_12m_505,45,12m,505
1096,435130,0,reward_12m_505,45,12m,505
1097,435131,0,reward_12m_505,55,12m,505
1098,435132,1,reward_12m_505,0,12m,505
1099,434923,0,reward_6m_105,60,6m,105
1100,434926,0,reward_6m_105,60,6m,105
1101,434927,0,reward_6m_105,65,6m,105
1102,434928,1,reward_6m_105,0,6m,105
1103,434930,0,reward_6m_105,60,6m,105
1104,434931,0,reward_6m_105,60,6m,105
1105,434932,0,reward_6m_105,195,6m,105
1106,434934,0,reward_6m_105,55,6m,105
1107,434935,1,reward_6m_105,45,6m,105
1108,434936,1,reward_6m_105,45,6m,105
1109,434937,1,reward_6m_105,0,6m,105
1110,434940,0,reward_6m_105,60,6m,105
1111,434941,0,reward_6m_105,60,6m,105
1112,434942,1,reward_6m_105,25,6m,105
1113,434943,0,reward_6m_105,65,6m,105
1114,434944,0,reward_6m_105,60,6m,105
1115,434945,0,reward_6m_105,60,6m,105
1116,434946,1,reward_6m_105,45,6m,105
1117,434947,0,reward_6m_105,60,6m,105
1118,434949,1,reward_6m_105,45,6m,105
1119,434952,0,reward_6m_105,60,6m,105
1120,434953,1,reward_6m_105,60,6m,105
1121,434954,0,reward_6m_105,60,6m,105
1122,434955,0,reward_6m_105,60,6m,105
1123,434957,0,reward_6m_105,55,6m,105
1124,434958,0,reward_6m_105,60,6m,105
1125,434959,0,reward_6m_105,60,6m,105
1126,434960,0,reward_6m_105,65,6m,105
1127,434961,0,reward_6m_105,60,6m,105
1128,434962,0,reward_6m_105,60,6m,105
1129,434963,0,reward_6m_105,59,6m,105
1130,434964,0,reward_6m_105,65,6m,105
1131,434966,1,reward_6m_105,45,6m,105
1132,434967,0,reward_6m_105,135,6m,105
1133,434968,0,reward_6m_105,60,6m,105
1134,434971,0,reward_6m_105,60,6m,105
1135,434974,1,reward_6m_105,50,6m,105
1136,434976,0,reward_6m_105,60,6m,105
1137,434977,1,reward_6m_105,60,6m,105
1138,434978,0,reward_6m_105,55,6m,105
1139,434979,1,reward_6m_105,45,6m,105
1140,434980,0,reward_6m_105,95,6m,105
1141,434981,0,reward_6m_105,60,6m,105
1142,434982,0,reward_6m_105,60,6m,105
1143,434983,0,reward_6m_105,60,6m,105
1144,434984,0,reward_6m_105,60,6m,105
1145,434985,0,reward_6m_105,60,6m,105
1146,434986,1,reward_6m_105,35,6m,105
1147,434988,0,reward_6m_105,60,6m,105
1148,434989,0,reward_6m_105,60,6m,105
1149,434990,0,reward_6m_105,60,6m,105
1150,434992,0,reward_6m_105,60,6m,105
1151,434993,1,reward_6m_105,45,6m,105
1152,434995,1,reward_6m_105,45,6m,105
1153,434996,0,reward_6m_105,60,6m,105
1154,434997,0,reward_6m_105,60,6m,105
1155,434998,1,reward_6m_105,45,6m,105
1156,434999,0,reward_6m_105,60,6m,105
1157,435000,0,reward_6m_105,60,6m,105
1158,435002,0,reward_6m_105,60,6m,105
1159,435003,1,reward_6m_105,45,6m,105
1160,435004,0,reward_6m_105,55,6m,105
1161,435005,0,reward_6m_105,53,6m,105
1162,435008,1,reward_6m_105,50,6m,105
1163,435009,0,reward_6m_105,95,6m,105
1164,435010,0,reward_6m_105,60,6m,105
1165,435011,0,reward_6m_105,95,6m,105
1166,435013,0,reward_6m_105,58,6m,105
1167,435015,0,reward_6m_105,60,6m,105
1168,435016,0,reward_6m_105,60,6m,105
1169,435017,0,reward_6m_105,60,6m,105
1170,435018,0,reward_6m_105,60,6m,105
1171,435019,1,reward_6m_105,45,6m,105
1172,435020,0,reward_6m_105,50,6m,105
1173,435021,0,reward_6m_105,60,6m,105
1174,435022,1,reward_6m_105,45,6m,105
1175,435024,1,reward_6m_105,45,6m,105
1176,435026,1,reward_6m_105,15,6m,105
1177,435027,0,reward_6m_105,60,6m,105
1178,435028,0,reward_6m_105,60,6m,105
1179,435029,0,reward_6m_105,60,6m,105
1180,435030,1,reward_6m_105,0,6m,105
1181,435031,1,reward_6m_105,20,6m,105
1182,435032,1,reward_6m_105,45,6m,105
1183,435033,1,reward_6m_105,15,6m,105
1184,435035,0,reward_6m_105,60,6m,105
1185,435036,1,reward_6m_105,45,6m,105
1186,435038,0,reward_6m_105,80,6m,105
1187,435039,0,reward_6m_105,60,6m,105
1188,435040,0,reward_6m_105,60,6m,105
1189,435041,0,reward_6m_105,60,6m,105
1190,435042,1,reward_6m_105,40,6m,105
1191,435043,0,reward_6m_105,60,6m,105
1192,435045,0,reward_6m_105,60,6m,105
1193,435046,1,reward_6m_105,20,6m,105
1194,435049,1,reward_6m_105,30,6m,105
1195,435052,0,reward_6m_105,50,6m,105
1196,435053,0,reward_6m_105,60,6m,105
1197,435054,0,reward_6m_105,60,6m,105
1198,435055,0,reward_6m_105,60,6m,105
1199,435056,1,reward_6m_105,45,6m,105
1200,435057,0,reward_6m_105,60,6m,105
1201,435060,1,reward_6m_105,30,6m,105
1202,435062,0,reward_6m_105,60,6m,105
1203,435063,1,reward_6m_105,15,6m,105
1204,435064,0,reward_6m_105,60,6m,105
1205,435065,1,reward_6m_105,45,6m,105
1206,435066,0,reward_6m_105,60,6m,105
1207,435067,0,reward_6m_105,60,6m,105
1208,435068,1,reward_6m_105,35,6m,105
1209,435069,0,reward_6m_105,60,6m,105
1210,435070,0,reward_6m_105,57,6m,105
1211,435072,0,reward_6m_105,50,6m,105
1212,435074,1,reward_6m_105,35,6m,105
1213,435075,1,reward_6m_105,60,6m,105
1214,435076,1,reward_6m_105,35,6m,105
1215,435077,0,reward_6m_105,85,6m,105
1216,435079,0,reward_6m_105,60,6m,105
1217,435080,0,reward_6m_105,45,6m,105
1218,435081,1,reward_6m_105,20,6m,105
1219,435083,0,reward_6m_105,60,6m,105
1220,435084,1,reward_6m_105,45,6m,105
1221,435086,0,reward_6m_105,95,6m,105
1222,435087,0,reward_6m_105,75,6m,105
1223,435089,0,reward_6m_105,55,6m,105
1224,435092,0,reward_6m_105,60,6m,105
1225,435093,1,reward_6m_105,60,6m,105
1226,435095,0,reward_6m_105,60,6m,105
1227,435096,0,reward_6m_105,60,6m,105
1228,435097,0,reward_6m_105,60,6m,105
1229,435098,1,reward_6m_105,55,6m,105
1230,435099,0,reward_6m_105,65,6m,105
1231,435100,1,reward_6m_105,45,6m,105
1232,435101,1,reward_6m_105,35,6m,105
1233,435103,0,reward_6m_105,60,6m,105
1234,435104,1,reward_6m_105,20,6m,105
1235,435105,0,reward_6m_105,60,6m,105
1236,435106,0,reward_6m_105,60,6m,105
1237,435107,1,reward_6m_105,45,6m,105
1238,435108,1,reward_6m_105,30,6m,105
1239,435110,0,reward_6m_105,60,6m,105
1240,435111,0,reward_6m_105,60,6m,105
1241,435113,1,reward_6m_105,35,6m,105
1242,435114,0,reward_6m_105,60,6m,105
1243,435115,0,reward_6m_105,45,6m,105
1244,435116,0,reward_6m_105,95,6m,105
1245,435117,0,reward_6m_105,60,6m,105
1246,435118,0,reward_6m_105,60,6m,105
1247,435119,1,reward_6m_105,45,6m,105
1248,435120,0,reward_6m_105,95,6m,105
1249,435121,0,reward_6m_105,75,6m,105
1250,435122,0,reward_6m_105,60,6m,105
1251,435123,1,reward_6m_105,45,6m,105
1252,435124,1,reward_6m_105,60,6m,105
1253,435130,0,reward_6m_105,45,6m,105
1254,435131,0,reward_6m_105,55,6m,105
1255,435132,1,reward_6m_105,-45,6m,105
1256,434923,0,reward_6m_185,60,6m,185
1257,434926,0,reward_6m_185,60,6m,185
1258,434927,0,reward_6m_185,65,6m,185
1259,434928,1,reward_6m_185,65,6m,185
1260,434930,0,reward_6m_185,60,6m,185
1261,434931,0,reward_6m_185,60,6m,185
1262,434932,0,reward_6m_185,115,6m,185
1263,434934,0,reward_6m_185,50,6m,185
1264,434935,1,reward_6m_185,15,6m,185
1265,434936,1,reward_6m_185,15,6m,185
1266,434937,1,reward_6m_185,0,6m,185
1267,434940,0,reward_6m_185,60,6m,185
1268,434941,0,reward_6m_185,60,6m,185
1269,434942,1,reward_6m_185,40,6m,185
1270,434943,0,reward_6m_185,65,6m,185
1271,434944,0,reward_6m_185,60,6m,185
1272,434945,0,reward_6m_185,60,6m,185
1273,434946,1,reward_6m_185,-55,6m,185
1274,434947,0,reward_6m_185,60,6m,185
1275,434949,1,reward_6m_185,45,6m,185
1276,434952,0,reward_6m_185,60,6m,185
1277,434953,1,reward_6m_185,-183,6m,185
1278,434954,0,reward_6m_185,60,6m,185
1279,434955,0,reward_6m_185,60,6m,185
1280,434957,0,reward_6m_185,55,6m,185
1281,434958,0,reward_6m_185,60,6m,185
1282,434959,0,reward_6m_185,55,6m,185
1283,434960,0,reward_6m_185,65,6m,185
1284,434961,0,reward_6m_185,60,6m,185
1285,434962,0,reward_6m_185,60,6m,185
1286,434963,0,reward_6m_185,58,6m,185
1287,434964,0,reward_6m_185,65,6m,185
1288,434966,1,reward_6m_185,65,6m,185
1289,434967,0,reward_6m_185,85,6m,185
1290,434968,0,reward_6m_185,60,6m,185
1291,434971,0,reward_6m_185,65,6m,185
1292,434974,1,reward_6m_185,65,6m,185
1293,434976,0,reward_6m_185,60,6m,185
1294,434977,1,reward_6m_185,0,6m,185
1295,434978,0,reward_6m_185,50,6m,185
1296,434979,1,reward_6m_185,50,6m,185
1297,434980,0,reward_6m_185,115,6m,185
1298,434981,0,reward_6m_185,60,6m,185
1299,434982,0,reward_6m_185,60,6m,185
1300,434983,0,reward_6m_185,60,6m,185
1301,434984,0,reward_6m_185,55,6m,185
1302,434985,0,reward_6m_185,60,6m,185
1303,434986,1,reward_6m_185,45,6m,185
1304,434988,0,reward_6m_185,60,6m,185
1305,434989,0,reward_6m_185,60,6m,185
1306,434990,0,reward_6m_185,60,6m,185
1307,434992,0,reward_6m_185,60,6m,185
1308,434993,1,reward_6m_185,40,6m,185
1309,434995,1,reward_6m_185,65,6m,185
1310,434996,0,reward_6m_185,60,6m,185
1311,434997,0,reward_6m_185,60,6m,185
1312,434998,1,reward_6m_185,35,6m,185
1313,434999,0,reward_6m_185,60,6m,185
1314,435000,0,reward_6m_185,60,6m,185
1315,435002,0,reward_6m_185,60,6m,185
1316,435003,1,reward_6m_185,5,6m,185
1317,435004,0,reward_6m_185,55,6m,185
1318,435005,0,reward_6m_185,54,6m,185
1319,435008,1,reward_6m_185,40,6m,185
1320,435009,0,reward_6m_185,65,6m,185
1321,435010,0,reward_6m_185,60,6m,185
1322,435011,0,reward_6m_185,115,6m,185
1323,435013,0,reward_6m_185,55,6m,185
1324,435015,0,reward_6m_185,60,6m,185
1325,435016,0,reward_6m_185,60,6m,185
1326,435017,0,reward_6m_185,60,6m,185
1327,435018,0,reward_6m_185,60,6m,185
1328,435019,1,reward_6m_185,45,6m,185
1329,435020,0,reward_6m_185,50,6m,185
1330,435021,0,reward_6m_185,55,6m,185
1331,435022,1,reward_6m_185,35,6m,185
1332,435024,1,reward_6m_185,35,6m,185
1333,435026,1,reward_6m_185,15,6m,185
1334,435027,0,reward_6m_185,60,6m,185
1335,435028,0,reward_6m_185,60,6m,185
1336,435029,0,reward_6m_185,60,6m,185
1337,435030,1,reward_6m_185,0,6m,185
1338,435031,1,reward_6m_185,15,6m,185
1339,435032,1,reward_6m_185,15,6m,185
1340,435033,1,reward_6m_185,15,6m,185
1341,435035,0,reward_6m_185,60,6m,185
1342,435036,1,reward_6m_185,15,6m,185
1343,435038,0,reward_6m_185,65,6m,185
1344,435039,0,reward_6m_185,65,6m,185
1345,435040,0,reward_6m_185,60,6m,185
1346,435041,0,reward_6m_185,60,6m,185
1347,435042,1,reward_6m_185,35,6m,185
1348,435043,0,reward_6m_185,65,6m,185
1349,435045,0,reward_6m_185,65,6m,185
1350,435046,1,reward_6m_185,20,6m,185
1351,435049,1,reward_6m_185,20,6m,185
1352,435052,0,reward_6m_185,50,6m,185
1353,435053,0,reward_6m_185,65,6m,185
1354,435054,0,reward_6m_185,60,6m,185
1355,435055,0,reward_6m_185,60,6m,185
1356,435056,1,reward_6m_185,35,6m,185
1357,435057,0,reward_6m_185,60,6m,185
1358,435060,1,reward_6m_185,30,6m,185
1359,435062,0,reward_6m_185,60,6m,185
1360,435063,1,reward_6m_185,15,6m,185
1361,435064,0,reward_6m_185,60,6m,185
1362,435065,1,reward_6m_185,15,6m,185
1363,435066,0,reward_6m_185,60,6m,185
1364,435067,0,reward_6m_185,60,6m,185
1365,435068,1,reward_6m_185,35,6m,185
1366,435069,0,reward_6m_185,60,6m,185
1367,435070,0,reward_6m_185,55,6m,185
1368,435072,0,reward_6m_185,35,6m,185
1369,435074,1,reward_6m_185,40,6m,185
1370,435075,1,reward_6m_185,-125,6m,185
1371,435076,1,reward_6m_185,25,6m,185
1372,435077,0,reward_6m_185,15,6m,185
1373,435079,0,reward_6m_185,60,6m,185
1374,435080,0,reward_6m_185,60,6m,185
1375,435081,1,reward_6m_185,25,6m,185
1376,435083,0,reward_6m_185,60,6m,185
1377,435084,1,reward_6m_185,15,6m,185
1378,435086,0,reward_6m_185,65,6m,185
1379,435087,0,reward_6m_185,65,6m,185
1380,435089,0,reward_6m_185,55,6m,185
1381,435092,0,reward_6m_185,60,6m,185
1382,435093,1,reward_6m_185,0,6m,185
1383,435095,0,reward_6m_185,60,6m,185
1384,435096,0,reward_6m_185,60,6m,185
1385,435097,0,reward_6m_185,60,6m,185
1386,435098,1,reward_6m_185,55,6m,185
1387,435099,0,reward_6m_185,65,6m,185
1388,435100,1,reward_6m_185,45,6m,185
1389,435101,1,reward_6m_185,35,6m,185
1390,435103,0,reward_6m_185,60,6m,185
1391,435104,1,reward_6m_185,15,6m,185
1392,435105,0,reward_6m_185,60,6m,185
1393,435106,0,reward_6m_185,60,6m,185
1394,435107,1,reward_6m_185,25,6m,185
1395,435108,1,reward_6m_185,45,6m,185
1396,435110,0,reward_6m_185,60,6m,185
1397,435111,0,reward_6m_185,60,6m,185
1398,435113,1,reward_6m_185,35,6m,185
1399,435114,0,reward_6m_185,60,6m,185
1400,435115,0,reward_6m_185,45,6m,185
1401,435116,0,reward_6m_185,65,6m,185
1402,435117,0,reward_6m_185,60,6m,185
1403,435118,0,reward_6m_185,60,6m,185
1404,435119,1,reward_6m_185,45,6m,185
1405,435120,0,reward_6m_185,75,6m,185
1406,435121,0,reward_6m_185,55,6m,185
1407,435122,0,reward_6m_185,50,6m,185
1408,435123,1,reward_6m_185,15,6m,185
1409,435124,1,reward_6m_185,55,6m,185
1410,435130,0,reward_6m_185,40,6m,185
1411,435131,0,reward_6m_185,55,6m,185
1412,435132,1,reward_6m_185,0,6m,185
1413,434923,0,reward_6m_25,60,6m,25
1414,434926,0,reward_6m_25,60,6m,25
1415,434927,0,reward_6m_25,65,6m,25
1416,434928,1,reward_6m_25,25,6m,25
1417,434930,0,reward_6m_25,60,6m,25
1418,434931,0,reward_6m_25,60,6m,25
1419,434932,0,reward_6m_25,75,6m,25
1420,434934,0,reward_6m_25,50,6m,25
1421,434935,1,reward_6m_25,55,6m,25
1422,434936,1,reward_6m_25,35,6m,25
1423,434937,1,reward_6m_25,0,6m,25
1424,434940,0,reward_6m_25,60,6m,25
1425,434941,0,reward_6m_25,60,6m,25
1426,434942,1,reward_6m_25,75,6m,25
1427,434943,0,reward_6m_25,75,6m,25
1428,434944,0,reward_6m_25,60,6m,25
1429,434945,0,reward_6m_25,60,6m,25
1430,434946,1,reward_6m_25,60,6m,25
1431,434947,0,reward_6m_25,60,6m,25
1432,434949,1,reward_6m_25,50,6m,25
1433,434952,0,reward_6m_25,60,6m,25
1434,434953,1,reward_6m_25,60,6m,25
1435,434954,0,reward_6m_25,60,6m,25
1436,434955,0,reward_6m_25,60,6m,25
1437,434957,0,reward_6m_25,55,6m,25
1438,434958,0,reward_6m_25,60,6m,25
1439,434959,0,reward_6m_25,55,6m,25
1440,434960,0,reward_6m_25,75,6m,25
1441,434961,0,reward_6m_25,60,6m,25
1442,434962,0,reward_6m_25,60,6m,25
1443,434963,0,reward_6m_25,49,6m,25
1444,434964,0,reward_6m_25,65,6m,25
1445,434966,1,reward_6m_25,60,6m,25
1446,434967,0,reward_6m_25,75,6m,25
1447,434968,0,reward_6m_25,60,6m,25
1448,434971,0,reward_6m_25,60,6m,25
1449,434974,1,reward_6m_25,60,6m,25
1450,434976,0,reward_6m_25,60,6m,25
1451,434977,1,reward_6m_25,60,6m,25
1452,434978,0,reward_6m_25,60,6m,25
1453,434979,1,reward_6m_25,55,6m,25
1454,434980,0,reward_6m_25,75,6m,25
1455,434981,0,reward_6m_25,60,6m,25
1456,434982,0,reward_6m_25,60,6m,25
1457,434983,0,reward_6m_25,60,6m,25
1458,434984,0,reward_6m_25,55,6m,25
1459,434985,0,reward_6m_25,60,6m,25
1460,434986,1,reward_6m_25,45,6m,25
1461,434988,0,reward_6m_25,60,6m,25
1462,434989,0,reward_6m_25,60,6m,25
1463,434990,0,reward_6m_25,60,6m,25
1464,434992,0,reward_6m_25,60,6m,25
1465,434993,1,reward_6m_25,45,6m,25
1466,434995,1,reward_6m_25,25,6m,25
1467,434996,0,reward_6m_25,60,6m,25
1468,434997,0,reward_6m_25,60,6m,25
1469,434998,1,reward_6m_25,55,6m,25
1470,434999,0,reward_6m_25,60,6m,25
1471,435000,0,reward_6m_25,60,6m,25
1472,435002,0,reward_6m_25,60,6m,25
1473,435003,1,reward_6m_25,35,6m,25
1474,435004,0,reward_6m_25,60,6m,25
1475,435005,0,reward_6m_25,51,6m,25
1476,435008,1,reward_6m_25,55,6m,25
1477,435009,0,reward_6m_25,75,6m,25
1478,435010,0,reward_6m_25,60,6m,25
1479,435011,0,reward_6m_25,75,6m,25
1480,435013,0,reward_6m_25,55,6m,25
1481,435015,0,reward_6m_25,60,6m,25
1482,435016,0,reward_6m_25,60,6m,25
1483,435017,0,reward_6m_25,60,6m,25
1484,435018,0,reward_6m_25,60,6m,25
1485,435019,1,reward_6m_25,50,6m,25
1486,435020,0,reward_6m_25,50,6m,25
1487,435021,0,reward_6m_25,60,6m,25
1488,435022,1,reward_6m_25,25,6m,25
1489,435024,1,reward_6m_25,50,6m,25
1490,435026,1,reward_6m_25,25,6m,25
1491,435027,0,reward_6m_25,60,6m,25
1492,435028,0,reward_6m_25,60,6m,25
1493,435029,0,reward_6m_25,60,6m,25
1494,435030,1,reward_6m_25,0,6m,25
1495,435031,1,reward_6m_25,25,6m,25
1496,435032,1,reward_6m_25,35,6m,25
1497,435033,1,reward_6m_25,25,6m,25
1498,435035,0,reward_6m_25,60,6m,25
1499,435036,1,reward_6m_25,35,6m,25
1500,435038,0,reward_6m_25,60,6m,25
1501,435039,0,reward_6m_25,60,6m,25
1502,435040,0,reward_6m_25,60,6m,25
1503,435041,0,reward_6m_25,60,6m,25
1504,435042,1,reward_6m_25,25,6m,25
1505,435043,0,reward_6m_25,65,6m,25
1506,435045,0,reward_6m_25,75,6m,25
1507,435046,1,reward_6m_25,50,6m,25
1508,435049,1,reward_6m_25,30,6m,25
1509,435052,0,reward_6m_25,55,6m,25
1510,435053,0,reward_6m_25,60,6m,25
1511,435054,0,reward_6m_25,60,6m,25
1512,435055,0,reward_6m_25,60,6m,25
1513,435056,1,reward_6m_25,35,6m,25
1514,435057,0,reward_6m_25,60,6m,25
1515,435060,1,reward_6m_25,30,6m,25
1516,435062,0,reward_6m_25,60,6m,25
1517,435063,1,reward_6m_25,45,6m,25
1518,435064,0,reward_6m_25,60,6m,25
1519,435065,1,reward_6m_25,45,6m,25
1520,435066,0,reward_6m_25,60,6m,25
1521,435067,0,reward_6m_25,60,6m,25
1522,435068,1,reward_6m_25,25,6m,25
1523,435069,0,reward_6m_25,60,6m,25
1524,435070,0,reward_6m_25,60,6m,25
1525,435072,0,reward_6m_25,50,6m,25
1526,435074,1,reward_6m_25,40,6m,25
1527,435075,1,reward_6m_25,60,6m,25
1528,435076,1,reward_6m_25,45,6m,25
1529,435077,0,reward_6m_25,65,6m,25
1530,435079,0,reward_6m_25,60,6m,25
1531,435080,0,reward_6m_25,60,6m,25
1532,435081,1,reward_6m_25,25,6m,25
1533,435083,0,reward_6m_25,60,6m,25
1534,435084,1,reward_6m_25,25,6m,25
1535,435086,0,reward_6m_25,75,6m,25
1536,435087,0,reward_6m_25,75,6m,25
1537,435089,0,reward_6m_25,60,6m,25
1538,435092,0,reward_6m_25,60,6m,25
1539,435093,1,reward_6m_25,60,6m,25
1540,435095,0,reward_6m_25,60,6m,25
1541,435096,0,reward_6m_25,60,6m,25
1542,435097,0,reward_6m_25,60,6m,25
1543,435098,1,reward_6m_25,55,6m,25
1544,435099,0,reward_6m_25,55,6m,25
1545,435100,1,reward_6m_25,55,6m,25
1546,435101,1,reward_6m_25,60,6m,25
1547,435103,0,reward_6m_25,60,6m,25
1548,435104,1,reward_6m_25,20,6m,25
1549,435105,0,reward_6m_25,60,6m,25
1550,435106,0,reward_6m_25,60,6m,25
1551,435107,1,reward_6m_25,35,6m,25
1552,435108,1,reward_6m_25,45,6m,25
1553,435110,0,reward_6m_25,60,6m,25
1554,435111,0,reward_6m_25,60,6m,25
1555,435113,1,reward_6m_25,50,6m,25
1556,435114,0,reward_6m_25,60,6m,25
1557,435115,0,reward_6m_25,55,6m,25
1558,435116,0,reward_6m_25,75,6m,25
1559,435117,0,reward_6m_25,60,6m,25
1560,435118,0,reward_6m_25,60,6m,25
1561,435119,1,reward_6m_25,35,6m,25
1562,435120,0,reward_6m_25,75,6m,25
1563,435121,0,reward_6m_25,75,6m,25
1564,435122,0,reward_6m_25,60,6m,25
1565,435123,1,reward_6m_25,45,6m,25
1566,435124,1,reward_6m_25,60,6m,25
1567,435130,0,reward_6m_25,55,6m,25
1568,435131,0,reward_6m_25,55,6m,25
1569,435132,1,reward_6m_25,35,6m,25
1570,434923,0,reward_6m_265,60,6m,265
1571,434926,0,reward_6m_265,60,6m,265
1572,434927,0,reward_6m_265,65,6m,265
1573,434928,1,reward_6m_265,35,6m,265
1574,434930,0,reward_6m_265,60,6m,265
1575,434931,0,reward_6m_265,60,6m,265
1576,434932,0,reward_6m_265,135,6m,265
1577,434934,0,reward_6m_265,55,6m,265
1578,434935,1,reward_6m_265,35,6m,265
1579,434936,1,reward_6m_265,15,6m,265
1580,434937,1,reward_6m_265,0,6m,265
1581,434940,0,reward_6m_265,60,6m,265
1582,434941,0,reward_6m_265,60,6m,265
1583,434942,1,reward_6m_265,60,6m,265
1584,434943,0,reward_6m_265,85,6m,265
1585,434944,0,reward_6m_265,60,6m,265
1586,434945,0,reward_6m_265,60,6m,265
1587,434946,1,reward_6m_265,35,6m,265
1588,434947,0,reward_6m_265,60,6m,265
1589,434949,1,reward_6m_265,35,6m,265
1590,434952,0,reward_6m_265,60,6m,265
1591,434953,1,reward_6m_265,65,6m,265
1592,434954,0,reward_6m_265,60,6m,265
1593,434955,0,reward_6m_265,60,6m,265
1594,434957,0,reward_6m_265,55,6m,265
1595,434958,0,reward_6m_265,60,6m,265
1596,434959,0,reward_6m_265,35,6m,265
1597,434960,0,reward_6m_265,135,6m,265
1598,434961,0,reward_6m_265,60,6m,265
1599,434962,0,reward_6m_265,60,6m,265
1600,434963,0,reward_6m_265,55,6m,265
1601,434964,0,reward_6m_265,65,6m,265
1602,434966,1,reward_6m_265,50,6m,265
1603,434967,0,reward_6m_265,110,6m,265
1604,434968,0,reward_6m_265,60,6m,265
1605,434971,0,reward_6m_265,85,6m,265
1606,434974,1,reward_6m_265,50,6m,265
1607,434976,0,reward_6m_265,60,6m,265
1608,434977,1,reward_6m_265,60,6m,265
1609,434978,0,reward_6m_265,50,6m,265
1610,434979,1,reward_6m_265,35,6m,265
1611,434980,0,reward_6m_265,85,6m,265
1612,434981,0,reward_6m_265,60,6m,265
1613,434982,0,reward_6m_265,60,6m,265
1614,434983,0,reward_6m_265,60,6m,265
1615,434984,0,reward_6m_265,60,6m,265
1616,434985,0,reward_6m_265,60,6m,265
1617,434986,1,reward_6m_265,40,6m,265
1618,434988,0,reward_6m_265,60,6m,265
1619,434989,0,reward_6m_265,60,6m,265
1620,434990,0,reward_6m_265,60,6m,265
1621,434992,0,reward_6m_265,60,6m,265
1622,434993,1,reward_6m_265,35,6m,265
1623,434995,1,reward_6m_265,35,6m,265
1624,434996,0,reward_6m_265,60,6m,265
1625,434997,0,reward_6m_265,60,6m,265
1626,434998,1,reward_6m_265,35,6m,265
1627,434999,0,reward_6m_265,60,6m,265
1628,435000,0,reward_6m_265,60,6m,265
1629,435002,0,reward_6m_265,60,6m,265
1630,435003,1,reward_6m_265,5,6m,265
1631,435004,0,reward_6m_265,55,6m,265
1632,435005,0,reward_6m_265,55,6m,265
1633,435008,1,reward_6m_265,50,6m,265
1634,435009,0,reward_6m_265,135,6m,265
1635,435010,0,reward_6m_265,60,6m,265
1636,435011,0,reward_6m_265,135,6m,265
1637,435013,0,reward_6m_265,55,6m,265
1638,435015,0,reward_6m_265,60,6m,265
1639,435016,0,reward_6m_265,60,6m,265
1640,435017,0,reward_6m_265,60,6m,265
1641,435018,0,reward_6m_265,40,6m,265
1642,435019,1,reward_6m_265,35,6m,265
1643,435020,0,reward_6m_265,50,6m,265
1644,435021,0,reward_6m_265,55,6m,265
1645,435022,1,reward_6m_265,35,6m,265
1646,435024,1,reward_6m_265,45,6m,265
1647,435026,1,reward_6m_265,35,6m,265
1648,435027,0,reward_6m_265,60,6m,265
1649,435028,0,reward_6m_265,60,6m,265
1650,435029,0,reward_6m_265,60,6m,265
1651,435030,1,reward_6m_265,0,6m,265
1652,435031,1,reward_6m_265,60,6m,265
1653,435032,1,reward_6m_265,35,6m,265
1654,435033,1,reward_6m_265,10,6m,265
1655,435035,0,reward_6m_265,60,6m,265
1656,435036,1,reward_6m_265,134,6m,265
1657,435038,0,reward_6m_265,85,6m,265
1658,435039,0,reward_6m_265,60,6m,265
1659,435040,0,reward_6m_265,60,6m,265
1660,435041,0,reward_6m_265,60,6m,265
1661,435042,1,reward_6m_265,35,6m,265
1662,435043,0,reward_6m_265,60,6m,265
1663,435045,0,reward_6m_265,85,6m,265
1664,435046,1,reward_6m_265,10,6m,265
1665,435049,1,reward_6m_265,30,6m,265
1666,435052,0,reward_6m_265,50,6m,265
1667,435053,0,reward_6m_265,35,6m,265
1668,435054,0,reward_6m_265,60,6m,265
1669,435055,0,reward_6m_265,60,6m,265
1670,435056,1,reward_6m_265,35,6m,265
1671,435057,0,reward_6m_265,60,6m,265
1672,435060,1,reward_6m_265,30,6m,265
1673,435062,0,reward_6m_265,60,6m,265
1674,435063,1,reward_6m_265,35,6m,265
1675,435064,0,reward_6m_265,60,6m,265
1676,435065,1,reward_6m_265,35,6m,265
1677,435066,0,reward_6m_265,60,6m,265
1678,435067,0,reward_6m_265,60,6m,265
1679,435068,1,reward_6m_265,25,6m,265
1680,435069,0,reward_6m_265,60,6m,265
1681,435070,0,reward_6m_265,55,6m,265
1682,435072,0,reward_6m_265,85,6m,265
1683,435074,1,reward_6m_265,25,6m,265
1684,435075,1,reward_6m_265,60,6m,265
1685,435076,1,reward_6m_265,15,6m,265
1686,435077,0,reward_6m_265,5,6m,265
1687,435079,0,reward_6m_265,60,6m,265
1688,435080,0,reward_6m_265,35,6m,265
1689,435081,1,reward_6m_265,35,6m,265
1690,435083,0,reward_6m_265,50,6m,265
1691,435084,1,reward_6m_265,35,6m,265
1692,435086,0,reward_6m_265,85,6m,265
1693,435087,0,reward_6m_265,85,6m,265
1694,435089,0,reward_6m_265,-45,6m,265
1695,435092,0,reward_6m_265,60,6m,265
1696,435093,1,reward_6m_265,0,6m,265
1697,435095,0,reward_6m_265,60,6m,265
1698,435096,0,reward_6m_265,60,6m,265
1699,435097,0,reward_6m_265,60,6m,265
1700,435098,1,reward_6m_265,35,6m,265
1701,435099,0,reward_6m_265,65,6m,265
1702,435100,1,reward_6m_265,35,6m,265
1703,435101,1,reward_6m_265,15,6m,265
1704,435103,0,reward_6m_265,60,6m,265
1705,435104,1,reward_6m_265,25,6m,265
1706,435105,0,reward_6m_265,60,6m,265
1707,435106,0,reward_6m_265,60,6m,265
1708,435107,1,reward_6m_265,35,6m,265
1709,435108,1,reward_6m_265,10,6m,265
1710,435110,0,reward_6m_265,60,6m,265
1711,435111,0,reward_6m_265,60,6m,265
1712,435113,1,reward_6m_265,35,6m,265
1713,435114,0,reward_6m_265,60,6m,265
1714,435115,0,reward_6m_265,45,6m,265
1715,435116,0,reward_6m_265,65,6m,265
1716,435117,0,reward_6m_265,70,6m,265
1717,435118,0,reward_6m_265,60,6m,265
1718,435119,1,reward_6m_265,45,6m,265
1719,435120,0,reward_6m_265,85,6m,265
1720,435121,0,reward_6m_265,55,6m,265
1721,435122,0,reward_6m_265,60,6m,265
1722,435123,1,reward_6m_265,35,6m,265
1723,435124,1,reward_6m_265,55,6m,265
1724,435130,0,reward_6m_265,35,6m,265
1725,435131,0,reward_6m_265,55,6m,265
1726,435132,1,reward_6m_265,0,6m,265
1727,434923,0,reward_6m_345,60,6m,345
1728,434926,0,reward_6m_345,60,6m,345
1729,434927,0,reward_6m_345,65,6m,345
1730,434928,1,reward_6m_345,55,6m,345
1731,434930,0,reward_6m_345,60,6m,345
1732,434931,0,reward_6m_345,60,6m,345
1733,434932,0,reward_6m_345,255,6m,345
1734,434934,0,reward_6m_345,55,6m,345
1735,434935,1,reward_6m_345,55,6m,345
1736,434936,1,reward_6m_345,30,6m,345
1737,434937,1,reward_6m_345,-45,6m,345
1738,434940,0,reward_6m_345,60,6m,345
1739,434941,0,reward_6m_345,60,6m,345
1740,434942,1,reward_6m_345,55,6m,345
1741,434943,0,reward_6m_345,65,6m,345
1742,434944,0,reward_6m_345,60,6m,345
1743,434945,0,reward_6m_345,60,6m,345
1744,434946,1,reward_6m_345,40,6m,345
1745,434947,0,reward_6m_345,60,6m,345
1746,434949,1,reward_6m_345,40,6m,345
1747,434952,0,reward_6m_345,60,6m,345
1748,434953,1,reward_6m_345,60,6m,345
1749,434954,0,reward_6m_345,60,6m,345
1750,434955,0,reward_6m_345,60,6m,345
1751,434957,0,reward_6m_345,55,6m,345
1752,434958,0,reward_6m_345,60,6m,345
1753,434959,0,reward_6m_345,45,6m,345
1754,434960,0,reward_6m_345,80,6m,345
1755,434961,0,reward_6m_345,60,6m,345
1756,434962,0,reward_6m_345,60,6m,345
1757,434963,0,reward_6m_345,55,6m,345
1758,434964,0,reward_6m_345,65,6m,345
1759,434966,1,reward_6m_345,50,6m,345
1760,434967,0,reward_6m_345,105,6m,345
1761,434968,0,reward_6m_345,60,6m,345
1762,434971,0,reward_6m_345,60,6m,345
1763,434974,1,reward_6m_345,55,6m,345
1764,434976,0,reward_6m_345,60,6m,345
1765,434977,1,reward_6m_345,60,6m,345
1766,434978,0,reward_6m_345,45,6m,345
1767,434979,1,reward_6m_345,45,6m,345
1768,434980,0,reward_6m_345,155,6m,345
1769,434981,0,reward_6m_345,60,6m,345
1770,434982,0,reward_6m_345,60,6m,345
1771,434983,0,reward_6m_345,60,6m,345
1772,434984,0,reward_6m_345,55,6m,345
1773,434985,0,reward_6m_345,60,6m,345
1774,434986,1,reward_6m_345,35,6m,345
1775,434988,0,reward_6m_345,60,6m,345
1776,434989,0,reward_6m_345,60,6m,345
1777,434990,0,reward_6m_345,60,6m,345
1778,434992,0,reward_6m_345,60,6m,345
1779,434993,1,reward_6m_345,35,6m,345
1780,434995,1,reward_6m_345,5,6m,345
1781,434996,0,reward_6m_345,60,6m,345
1782,434997,0,reward_6m_345,60,6m,345
1783,434998,1,reward_6m_345,35,6m,345
1784,434999,0,reward_6m_345,60,6m,345
1785,435000,0,reward_6m_345,60,6m,345
1786,435002,0,reward_6m_345,55,6m,345
1787,435003,1,reward_6m_345,55,6m,345
1788,435004,0,reward_6m_345,55,6m,345
1789,435005,0,reward_6m_345,50,6m,345
1790,435008,1,reward_6m_345,45,6m,345
1791,435009,0,reward_6m_345,105,6m,345
1792,435010,0,reward_6m_345,60,6m,345
1793,435011,0,reward_6m_345,155,6m,345
1794,435013,0,reward_6m_345,60,6m,345
1795,435015,0,reward_6m_345,60,6m,345
1796,435016,0,reward_6m_345,55,6m,345
1797,435017,0,reward_6m_345,60,6m,345
1798,435018,0,reward_6m_345,60,6m,345
1799,435019,1,reward_6m_345,35,6m,345
1800,435020,0,reward_6m_345,50,6m,345
1801,435021,0,reward_6m_345,45,6m,345
1802,435022,1,reward_6m_345,30,6m,345
1803,435024,1,reward_6m_345,35,6m,345
1804,435026,1,reward_6m_345,0,6m,345
1805,435027,0,reward_6m_345,60,6m,345
1806,435028,0,reward_6m_345,60,6m,345
1807,435029,0,reward_6m_345,60,6m,345
1808,435030,1,reward_6m_345,0,6m,345
1809,435031,1,reward_6m_345,5,6m,345
1810,435032,1,reward_6m_345,30,6m,345
1811,435033,1,reward_6m_345,10,6m,345
1812,435035,0,reward_6m_345,60,6m,345
1813,435036,1,reward_6m_345,35,6m,345
1814,435038,0,reward_6m_345,55,6m,345
1815,435039,0,reward_6m_345,60,6m,345
1816,435040,0,reward_6m_345,60,6m,345
1817,435041,0,reward_6m_345,60,6m,345
1818,435042,1,reward_6m_345,25,6m,345
1819,435043,0,reward_6m_345,65,6m,345
1820,435045,0,reward_6m_345,65,6m,345
1821,435046,1,reward_6m_345,30,6m,345
1822,435049,1,reward_6m_345,30,6m,345
1823,435052,0,reward_6m_345,45,6m,345
1824,435053,0,reward_6m_345,55,6m,345
1825,435054,0,reward_6m_345,60,6m,345
1826,435055,0,reward_6m_345,60,6m,345
1827,435056,1,reward_6m_345,35,6m,345
1828,435057,0,reward_6m_345,55,6m,345
1829,435060,1,reward_6m_345,30,6m,345
1830,435062,0,reward_6m_345,60,6m,345
1831,435063,1,reward_6m_345,35,6m,345
1832,435064,0,reward_6m_345,60,6m,345
1833,435065,1,reward_6m_345,25,6m,345
1834,435066,0,reward_6m_345,60,6m,345
1835,435067,0,reward_6m_345,60,6m,345
1836,435068,1,reward_6m_345,35,6m,345
1837,435069,0,reward_6m_345,60,6m,345
1838,435070,0,reward_6m_345,55,6m,345
1839,435072,0,reward_6m_345,55,6m,345
1840,435074,1,reward_6m_345,25,6m,345
1841,435075,1,reward_6m_345,60,6m,345
1842,435076,1,reward_6m_345,30,6m,345
1843,435077,0,reward_6m_345,155,6m,345
1844,435079,0,reward_6m_345,60,6m,345
1845,435080,0,reward_6m_345,60,6m,345
1846,435081,1,reward_6m_345,5,6m,345
1847,435083,0,reward_6m_345,60,6m,345
1848,435084,1,reward_6m_345,0,6m,345
1849,435086,0,reward_6m_345,105,6m,345
1850,435087,0,reward_6m_345,55,6m,345
1851,435089,0,reward_6m_345,55,6m,345
1852,435092,0,reward_6m_345,60,6m,345
1853,435093,1,reward_6m_345,60,6m,345
1854,435095,0,reward_6m_345,60,6m,345
1855,435096,0,reward_6m_345,60,6m,345
1856,435097,0,reward_6m_345,60,6m,345
1857,435098,1,reward_6m_345,55,6m,345
1858,435099,0,reward_6m_345,55,6m,345
1859,435100,1,reward_6m_345,35,6m,345
1860,435101,1,reward_6m_345,25,6m,345
1861,435103,0,reward_6m_345,60,6m,345
1862,435104,1,reward_6m_345,25,6m,345
1863,435105,0,reward_6m_345,60,6m,345
1864,435106,0,reward_6m_345,60,6m,345
1865,435107,1,reward_6m_345,40,6m,345
1866,435108,1,reward_6m_345,10,6m,345
1867,435110,0,reward_6m_345,60,6m,345
1868,435111,0,reward_6m_345,60,6m,345
1869,435113,1,reward_6m_345,35,6m,345
1870,435114,0,reward_6m_345,60,6m,345
1871,435115,0,reward_6m_345,45,6m,345
1872,435116,0,reward_6m_345,85,6m,345
1873,435117,0,reward_6m_345,60,6m,345
1874,435118,0,reward_6m_345,60,6m,345
1875,435119,1,reward_6m_345,55,6m,345
1876,435120,0,reward_6m_345,105,6m,345
1877,435121,0,reward_6m_345,55,6m,345
1878,435122,0,reward_6m_345,60,6m,345
1879,435123,1,reward_6m_345,45,6m,345
1880,435124,1,reward_6m_345,15,6m,345
1881,435130,0,reward_6m_345,55,6m,345
1882,435131,0,reward_6m_345,55,6m,345
1883,435132,1,reward_6m_345,0,6m,345
1884,434923,0,reward_6m_425,60,6m,425
1885,434926,0,reward_6m_425,60,6m,425
1886,434927,0,reward_6m_425,65,6m,425
1887,434928,1,reward_6m_425,25,6m,425
1888,434930,0,reward_6m_425,60,6m,425
1889,434931,0,reward_6m_425,60,6m,425
1890,434932,0,reward_6m_425,375,6m,425
1891,434934,0,reward_6m_425,57,6m,425
1892,434935,1,reward_6m_425,75,6m,425
1893,434936,1,reward_6m_425,25,6m,425
1894,434937,1,reward_6m_425,-50,6m,425
1895,434940,0,reward_6m_425,60,6m,425
1896,434941,0,reward_6m_425,60,6m,425
1897,434942,1,reward_6m_425,75,6m,425
1898,434943,0,reward_6m_425,75,6m,425
1899,434944,0,reward_6m_425,60,6m,425
1900,434945,0,reward_6m_425,60,6m,425
1901,434946,1,reward_6m_425,25,6m,425
1902,434947,0,reward_6m_425,60,6m,425
1903,434949,1,reward_6m_425,35,6m,425
1904,434952,0,reward_6m_425,60,6m,425
1905,434953,1,reward_6m_425,60,6m,425
1906,434954,0,reward_6m_425,60,6m,425
1907,434955,0,reward_6m_425,60,6m,425
1908,434957,0,reward_6m_425,50,6m,425
1909,434958,0,reward_6m_425,60,6m,425
1910,434959,0,reward_6m_425,75,6m,425
1911,434960,0,reward_6m_425,125,6m,425
1912,434961,0,reward_6m_425,60,6m,425
1913,434962,0,reward_6m_425,60,6m,425
1914,434963,0,reward_6m_425,55,6m,425
1915,434964,0,reward_6m_425,65,6m,425
1916,434966,1,reward_6m_425,25,6m,425
1917,434967,0,reward_6m_425,95,6m,425
1918,434968,0,reward_6m_425,60,6m,425
1919,434971,0,reward_6m_425,65,6m,425
1920,434974,1,reward_6m_425,-25,6m,425
1921,434976,0,reward_6m_425,60,6m,425
1922,434977,1,reward_6m_425,0,6m,425
1923,434978,0,reward_6m_425,45,6m,425
1924,434979,1,reward_6m_425,35,6m,425
1925,434980,0,reward_6m_425,75,6m,425
1926,434981,0,reward_6m_425,60,6m,425
1927,434982,0,reward_6m_425,60,6m,425
1928,434983,0,reward_6m_425,60,6m,425
1929,434984,0,reward_6m_425,55,6m,425
1930,434985,0,reward_6m_425,60,6m,425
1931,434986,1,reward_6m_425,35,6m,425
1932,434988,0,reward_6m_425,60,6m,425
1933,434989,0,reward_6m_425,60,6m,425
1934,434990,0,reward_6m_425,60,6m,425
1935,434992,0,reward_6m_425,60,6m,425
1936,434993,1,reward_6m_425,25,6m,425
1937,434995,1,reward_6m_425,75,6m,425
1938,434996,0,reward_6m_425,60,6m,425
1939,434997,0,reward_6m_425,60,6m,425
1940,434998,1,reward_6m_425,35,6m,425
1941,434999,0,reward_6m_425,40,6m,425
1942,435000,0,reward_6m_425,60,6m,425
1943,435002,0,reward_6m_425,25,6m,425
1944,435003,1,reward_6m_425,25,6m,425
1945,435004,0,reward_6m_425,55,6m,425
1946,435005,0,reward_6m_425,50,6m,425
1947,435008,1,reward_6m_425,70,6m,425
1948,435009,0,reward_6m_425,75,6m,425
1949,435010,0,reward_6m_425,60,6m,425
1950,435011,0,reward_6m_425,75,6m,425
1951,435013,0,reward_6m_425,60,6m,425
1952,435015,0,reward_6m_425,60,6m,425
1953,435016,0,reward_6m_425,60,6m,425
1954,435017,0,reward_6m_425,60,6m,425
1955,435018,0,reward_6m_425,60,6m,425
1956,435019,1,reward_6m_425,40,6m,425
1957,435020,0,reward_6m_425,50,6m,425
1958,435021,0,reward_6m_425,55,6m,425
1959,435022,1,reward_6m_425,50,6m,425
1960,435024,1,reward_6m_425,25,6m,425
1961,435026,1,reward_6m_425,0,6m,425
1962,435027,0,reward_6m_425,60,6m,425
1963,435028,0,reward_6m_425,60,6m,425
1964,435029,0,reward_6m_425,60,6m,425
1965,435030,1,reward_6m_425,0,6m,425
1966,435031,1,reward_6m_425,60,6m,425
1967,435032,1,reward_6m_425,25,6m,425
1968,435033,1,reward_6m_425,10,6m,425
1969,435035,0,reward_6m_425,60,6m,425
1970,435036,1,reward_6m_425,25,6m,425
1971,435038,0,reward_6m_425,60,6m,425
1972,435039,0,reward_6m_425,60,6m,425
1973,435040,0,reward_6m_425,60,6m,425
1974,435041,0,reward_6m_425,60,6m,425
1975,435042,1,reward_6m_425,25,6m,425
1976,435043,0,reward_6m_425,60,6m,425
1977,435045,0,reward_6m_425,65,6m,425
1978,435046,1,reward_6m_425,5,6m,425
1979,435049,1,reward_6m_425,10,6m,425
1980,435052,0,reward_6m_425,45,6m,425
1981,435053,0,reward_6m_425,25,6m,425
1982,435054,0,reward_6m_425,60,6m,425
1983,435055,0,reward_6m_425,60,6m,425
1984,435056,1,reward_6m_425,35,6m,425
1985,435057,0,reward_6m_425,55,6m,425
1986,435060,1,reward_6m_425,30,6m,425
1987,435062,0,reward_6m_425,60,6m,425
1988,435063,1,reward_6m_425,25,6m,425
1989,435064,0,reward_6m_425,60,6m,425
1990,435065,1,reward_6m_425,25,6m,425
1991,435066,0,reward_6m_425,60,6m,425
1992,435067,0,reward_6m_425,60,6m,425
1993,435068,1,reward_6m_425,15,6m,425
1994,435069,0,reward_6m_425,60,6m,425
1995,435070,0,reward_6m_425,50,6m,425
1996,435072,0,reward_6m_425,75,6m,425
1997,435074,1,reward_6m_425,25,6m,425
1998,435075,1,reward_6m_425,60,6m,425
1999,435076,1,reward_6m_425,15,6m,425
2000,435077,0,reward_6m_425,75,6m,425
2001,435079,0,reward_6m_425,60,6m,425
2002,435080,0,reward_6m_425,60,6m,425
2003,435081,1,reward_6m_425,0,6m,425
2004,435083,0,reward_6m_425,60,6m,425
2005,435084,1,reward_6m_425,0,6m,425
2006,435086,0,reward_6m_425,75,6m,425
2007,435087,0,reward_6m_425,75,6m,425
2008,435089,0,reward_6m_425,55,6m,425
2009,435092,0,reward_6m_425,60,6m,425
2010,435093,1,reward_6m_425,50,6m,425
2011,435095,0,reward_6m_425,60,6m,425
2012,435096,0,reward_6m_425,60,6m,425
2013,435097,0,reward_6m_425,60,6m,425
2014,435098,1,reward_6m_425,25,6m,425
2015,435099,0,reward_6m_425,65,6m,425
2016,435100,1,reward_6m_425,35,6m,425
2017,435101,1,reward_6m_425,25,6m,425
2018,435103,0,reward_6m_425,60,6m,425
2019,435104,1,reward_6m_425,25,6m,425
2020,435105,0,reward_6m_425,60,6m,425
2021,435106,0,reward_6m_425,60,6m,425
2022,435107,1,reward_6m_425,40,6m,425
2023,435108,1,reward_6m_425,30,6m,425
2024,435110,0,reward_6m_425,60,6m,425
2025,435111,0,reward_6m_425,60,6m,425
2026,435113,1,reward_6m_425,45,6m,425
2027,435114,0,reward_6m_425,60,6m,425
2028,435115,0,reward_6m_425,50,6m,425
2029,435116,0,reward_6m_425,95,6m,425
2030,435117,0,reward_6m_425,50,6m,425
2031,435118,0,reward_6m_425,60,6m,425
2032,435119,1,reward_6m_425,25,6m,425
2033,435120,0,reward_6m_425,75,6m,425
2034,435121,0,reward_6m_425,75,6m,425
2035,435122,0,reward_6m_425,60,6m,425
2036,435123,1,reward_6m_425,25,6m,425
2037,435124,1,reward_6m_425,45,6m,425
2038,435130,0,reward_6m_425,55,6m,425
2039,435131,0,reward_6m_425,55,6m,425
2040,435132,1,reward_6m_425,0,6m,425
2041,434923,0,reward_6m_505,60,6m,505
2042,434926,0,reward_6m_505,60,6m,505
2043,434927,0,reward_6m_505,65,6m,505
2044,434928,1,reward_6m_505,45,6m,505
2045,434930,0,reward_6m_505,60,6m,505
2046,434931,0,reward_6m_505,60,6m,505
2047,434932,0,reward_6m_505,0,6m,505
2048,434934,0,reward_6m_505,55,6m,505
2049,434935,1,reward_6m_505,45,6m,505
2050,434936,1,reward_6m_505,45,6m,505
2051,434937,1,reward_6m_505,0,6m,505
2052,434940,0,reward_6m_505,60,6m,505
2053,434941,0,reward_6m_505,60,6m,505
2054,434942,1,reward_6m_505,25,6m,505
2055,434943,0,reward_6m_505,70,6m,505
2056,434944,0,reward_6m_505,60,6m,505
2057,434945,0,reward_6m_505,60,6m,505
2058,434946,1,reward_6m_505,45,6m,505
2059,434947,0,reward_6m_505,60,6m,505
2060,434949,1,reward_6m_505,45,6m,505
2061,434952,0,reward_6m_505,60,6m,505
2062,434953,1,reward_6m_505,60,6m,505
2063,434954,0,reward_6m_505,60,6m,505
2064,434955,0,reward_6m_505,60,6m,505
2065,434957,0,reward_6m_505,45,6m,505
2066,434958,0,reward_6m_505,60,6m,505
2067,434959,0,reward_6m_505,60,6m,505
2068,434960,0,reward_6m_505,70,6m,505
2069,434961,0,reward_6m_505,60,6m,505
2070,434962,0,reward_6m_505,60,6m,505
2071,434963,0,reward_6m_505,58,6m,505
2072,434964,0,reward_6m_505,65,6m,505
2073,434966,1,reward_6m_505,45,6m,505
2074,434967,0,reward_6m_505,95,6m,505
2075,434968,0,reward_6m_505,60,6m,505
2076,434971,0,reward_6m_505,60,6m,505
2077,434974,1,reward_6m_505,45,6m,505
2078,434976,0,reward_6m_505,60,6m,505
2079,434977,1,reward_6m_505,60,6m,505
2080,434978,0,reward_6m_505,40,6m,505
2081,434979,1,reward_6m_505,40,6m,505
2082,434980,0,reward_6m_505,95,6m,505
2083,434981,0,reward_6m_505,60,6m,505
2084,434982,0,reward_6m_505,60,6m,505
2085,434983,0,reward_6m_505,60,6m,505
2086,434984,0,reward_6m_505,55,6m,505
2087,434985,0,reward_6m_505,60,6m,505
2088,434986,1,reward_6m_505,35,6m,505
2089,434988,0,reward_6m_505,60,6m,505
2090,434989,0,reward_6m_505,60,6m,505
2091,434990,0,reward_6m_505,60,6m,505
2092,434992,0,reward_6m_505,60,6m,505
2093,434993,1,reward_6m_505,20,6m,505
2094,434995,1,reward_6m_505,45,6m,505
2095,434996,0,reward_6m_505,60,6m,505
2096,434997,0,reward_6m_505,60,6m,505
2097,434998,1,reward_6m_505,45,6m,505
2098,434999,0,reward_6m_505,60,6m,505
2099,435000,0,reward_6m_505,60,6m,505
2100,435002,0,reward_6m_505,55,6m,505
2101,435003,1,reward_6m_505,6,6m,505
2102,435004,0,reward_6m_505,55,6m,505
2103,435005,0,reward_6m_505,45,6m,505
2104,435008,1,reward_6m_505,45,6m,505
2105,435009,0,reward_6m_505,75,6m,505
2106,435010,0,reward_6m_505,60,6m,505
2107,435011,0,reward_6m_505,85,6m,505
2108,435013,0,reward_6m_505,60,6m,505
2109,435015,0,reward_6m_505,60,6m,505
2110,435016,0,reward_6m_505,60,6m,505
2111,435017,0,reward_6m_505,60,6m,505
2112,435018,0,reward_6m_505,60,6m,505
2113,435019,1,reward_6m_505,35,6m,505
2114,435020,0,reward_6m_505,50,6m,505
2115,435021,0,reward_6m_505,60,6m,505
2116,435022,1,reward_6m_505,25,6m,505
2117,435024,1,reward_6m_505,35,6m,505
2118,435026,1,reward_6m_505,0,6m,505
2119,435027,0,reward_6m_505,60,6m,505
2120,435028,0,reward_6m_505,60,6m,505
2121,435029,0,reward_6m_505,60,6m,505
2122,435030,1,reward_6m_505,0,6m,505
2123,435031,1,reward_6m_505,55,6m,505
2124,435032,1,reward_6m_505,35,6m,505
2125,435033,1,reward_6m_505,15,6m,505
2126,435035,0,reward_6m_505,60,6m,505
2127,435036,1,reward_6m_505,35,6m,505
2128,435038,0,reward_6m_505,45,6m,505
2129,435039,0,reward_6m_505,60,6m,505
2130,435040,0,reward_6m_505,60,6m,505
2131,435041,0,reward_6m_505,60,6m,505
2132,435042,1,reward_6m_505,30,6m,505
2133,435043,0,reward_6m_505,60,6m,505
2134,435045,0,reward_6m_505,65,6m,505
2135,435046,1,reward_6m_505,5,6m,505
2136,435049,1,reward_6m_505,30,6m,505
2137,435052,0,reward_6m_505,45,6m,505
2138,435053,0,reward_6m_505,45,6m,505
2139,435054,0,reward_6m_505,60,6m,505
2140,435055,0,reward_6m_505,60,6m,505
2141,435056,1,reward_6m_505,45,6m,505
2142,435057,0,reward_6m_505,60,6m,505
2143,435060,1,reward_6m_505,30,6m,505
2144,435062,0,reward_6m_505,60,6m,505
2145,435063,1,reward_6m_505,45,6m,505
2146,435064,0,reward_6m_505,60,6m,505
2147,435065,1,reward_6m_505,15,6m,505
2148,435066,0,reward_6m_505,60,6m,505
2149,435067,0,reward_6m_505,60,6m,505
2150,435068,1,reward_6m_505,35,6m,505
2151,435069,0,reward_6m_505,60,6m,505
2152,435070,0,reward_6m_505,50,6m,505
2153,435072,0,reward_6m_505,45,6m,505
2154,435074,1,reward_6m_505,35,6m,505
2155,435075,1,reward_6m_505,60,6m,505
2156,435076,1,reward_6m_505,20,6m,505
2157,435077,0,reward_6m_505,95,6m,505
2158,435079,0,reward_6m_505,60,6m,505
2159,435080,0,reward_6m_505,60,6m,505
2160,435081,1,reward_6m_505,45,6m,505
2161,435083,0,reward_6m_505,60,6m,505
2162,435084,1,reward_6m_505,20,6m,505
2163,435086,0,reward_6m_505,95,6m,505
2164,435087,0,reward_6m_505,65,6m,505
2165,435089,0,reward_6m_505,55,6m,505
2166,435092,0,reward_6m_505,60,6m,505
2167,435093,1,reward_6m_505,0,6m,505
2168,435095,0,reward_6m_505,60,6m,505
2169,435096,0,reward_6m_505,60,6m,505
2170,435097,0,reward_6m_505,60,6m,505
2171,435098,1,reward_6m_505,45,6m,505
2172,435099,0,reward_6m_505,65,6m,505
2173,435100,1,reward_6m_505,45,6m,505
2174,435101,1,reward_6m_505,15,6m,505
2175,435103,0,reward_6m_505,60,6m,505
2176,435104,1,reward_6m_505,45,6m,505
2177,435105,0,reward_6m_505,60,6m,505
2178,435106,0,reward_6m_505,60,6m,505
2179,435107,1,reward_6m_505,45,6m,505
2180,435108,1,reward_6m_505,45,6m,505
2181,435110,0,reward_6m_505,60,6m,505
2182,435111,0,reward_6m_505,60,6m,505
2183,435113,1,reward_6m_505,35,6m,505
2184,435114,0,reward_6m_505,60,6m,505
2185,435115,0,reward_6m_505,45,6m,505
2186,435116,0,reward_6m_505,95,6m,505
2187,435117,0,reward_6m_505,60,6m,505
2188,435118,0,reward_6m_505,60,6m,505
2189,435119,1,reward_6m_505,45,6m,505
2190,435120,0,reward_6m_505,95,6m,505
2191,435121,0,reward_6m_505,75,6m,505
2192,435122,0,reward_6m_505,60,6m,505
2193,435123,1,reward_6m_505,45,6m,505
2194,435124,1,reward_6m_505,15,6m,505
2195,435130,0,reward_6m_505,45,6m,505
2196,435131,0,reward_6m_505,55,6m,505
2197,435132,1,reward_6m_505,0,6m,505
