,worker_id,prolific_id,status,duration,duration_second,component_duration_1,component_duration_2,component_duration_3,component_duration_4,component_duration_5,component_duration_6,age,sex
0,434923,65b17c3a6264a7353dc9ed4b,FINISHED,00:05:25,325,00:00:12,00:00:09,00:00:48,00:00:49,00:02:37,00:00:49,41,Female
1,434924,5de8e0ac9ba3e8000a970881,FINISHED,00:02:34,154,00:00:12,00:00:09,00:00:21,00:00:26,00:01:09,00:00:17,37,Female
2,434925,59532996d5822e000125a73b,FINISHED,00:04:15,255,00:00:09,00:00:13,00:00:25,00:00:49,00:02:24,00:00:15,36,Female
3,434926,5cd951d48ace520016ef7a31,FINISHED,00:03:56,236,00:00:12,00:00:06,00:00:28,00:01:09,00:01:41,00:00:20,39,Female
4,434927,56f84c071b99b8000c365751,FINISHED,00:06:09,369,00:00:25,00:00:15,00:00:53,00:01:32,00:02:35,00:00:29,55,Male
5,434928,6571ed82ff0be0217f88ea79,FINISHED,00:09:22,562,00:00:31,00:00:22,00:01:12,00:02:31,00:02:59,00:01:47,29,Female
6,434930,60aa52f56964a096e3ab53c7,FINISHED,00:03:09,189,00:00:12,00:00:05,00:00:33,00:00:39,00:01:29,00:00:11,26,Female
7,434931,6554be23acddc7d2d27c986c,FINISHED,00:08:31,511,00:00:32,00:00:16,00:01:37,00:01:19,00:03:57,00:00:50,60,Female
8,434932,5deba29b787ce529a9725c54,FINISHED,00:05:07,307,00:00:16,00:00:29,00:00:38,00:00:52,00:02:26,00:00:26,64,Female
9,434933,59917a2b0675b100014dadb8,FINISHED,00:05:28,328,00:00:10,00:00:22,00:00:39,00:01:08,00:02:50,00:00:19,41,Female
10,434934,61067ed9f756e2096f4ae3bc,FINISHED,00:06:17,377,00:00:13,00:00:19,00:00:48,00:00:45,00:04:00,00:00:12,37,Female
11,434935,6034da6b08183eee8cc990ea,FINISHED,00:03:18,198,00:00:08,00:00:04,00:00:30,00:00:54,00:01:28,00:00:14,58,Female
12,434936,574c17587fd0ec0006b655cc,FINISHED,00:04:40,280,00:00:07,00:00:03,00:00:28,00:02:31,00:01:19,00:00:12,37,Male
13,434937,5cd0274b3526f60015bff216,FINISHED,00:13:08,788,00:00:09,00:00:05,00:00:47,00:07:25,00:04:32,00:00:10,43,Female
14,434938,61572ed6d411f4738a92af88,FINISHED,00:02:52,172,00:00:04,00:00:05,00:00:23,00:00:28,00:01:35,00:00:17,32,Female
15,434939,65aaa248aec436bf7dfc9599,FINISHED,00:10:52,652,00:01:31,00:01:31,00:01:17,00:01:58,00:03:34,00:01:00,27,Female
16,434940,62d5cc956051642fc69be235,FINISHED,00:03:01,181,00:00:05,00:00:10,00:00:22,00:00:45,00:01:21,00:00:18,30,Male
17,434941,610d5425d8e7826fe6a42d68,FINISHED,00:03:42,222,00:00:06,00:00:07,00:00:32,00:00:45,00:01:43,00:00:29,37,Male
18,434942,571b68225d40840012c3fdee,FINISHED,00:03:46,226,00:00:11,00:00:07,00:00:36,00:00:36,00:01:55,00:00:21,35,Male
19,434943,5e81b038c8977f000964e5b2,FINISHED,00:04:25,265,00:00:08,00:00:09,00:00:31,00:00:48,00:02:27,00:00:22,38,Male
20,434944,5f2178ec626bc35254b5145e,FINISHED,00:07:34,454,00:00:51,00:00:22,00:01:16,00:01:06,00:03:30,00:00:29,70,Female
21,434945,60c48655811ab33a8f77dd34,FINISHED,00:08:40,520,00:00:06,00:00:13,00:01:52,00:01:18,00:03:37,00:01:34,25,Female
22,434946,62b43af72668e3aa1fd3f5ac,FINISHED,00:04:30,270,00:00:13,00:00:09,00:00:31,00:00:51,00:02:29,00:00:17,41,Male
23,434947,5e299d8c2e9dc4000be0fde0,FINISHED,00:05:10,310,00:00:09,00:00:09,00:00:32,00:00:54,00:03:10,00:00:16,32,Male
24,434948,6570857f15730b0f6ea346ec,FINISHED,00:09:16,556,00:00:39,00:00:25,00:01:01,00:01:12,00:05:19,00:00:39,26,Female
25,434949,5657688f995911000a482d40,FINISHED,00:03:25,205,00:00:14,00:00:05,00:00:24,00:00:39,00:01:41,00:00:22,45,Male
26,434950,5b4b679dff74970001256d36,FINISHED,00:06:06,366,00:00:06,00:00:08,00:00:49,00:00:47,00:04:00,00:00:16,37,Male
27,434951,6546549b0511efc35646724f,FINISHED,00:07:28,448,00:00:25,00:00:13,00:00:42,00:02:07,00:03:34,00:00:27,24,Female
28,434952,654a48a508808ebb99e5a661,FINISHED,00:03:52,232,00:00:13,00:00:10,00:00:35,00:00:34,00:01:59,00:00:21,49,Female
29,434953,597076ad965d930001322d01,FINISHED,00:04:43,283,00:00:42,00:00:33,00:00:40,00:00:33,00:01:52,00:00:23,35,Female
30,434954,62e1975a303029942e08439a,FINISHED,00:06:56,416,00:00:30,00:00:20,00:00:59,00:01:01,00:03:32,00:00:34,46,Female
31,434955,575d08ef85d90500061ef59b,FINISHED,00:03:47,227,00:00:12,00:00:16,00:00:32,00:00:48,00:01:42,00:00:17,66,Female
32,434956,63cfdefcf2ee0355b64d6f03,FINISHED,00:12:07,727,00:00:12,00:00:21,00:00:43,00:06:47,00:03:36,00:00:28,53,Female
33,434957,5f70576bb22a006197aea6de,FINISHED,00:04:11,251,00:00:24,00:00:05,00:00:35,00:01:03,00:01:48,00:00:16,41,Male
34,434958,5797bc9aad1a6c000146818c,FINISHED,00:05:40,340,00:00:17,00:00:10,00:00:50,00:01:18,00:02:31,00:00:34,63,Male
35,434959,5e55385c54a6e7538c5bb520,FINISHED,00:02:43,163,00:00:07,00:00:09,00:00:22,00:00:39,00:01:14,00:00:12,25,Female
36,434960,594ee0aa7095f80001da4c4e,FINISHED,00:03:30,210,00:00:05,00:00:02,00:00:28,00:00:56,00:01:38,00:00:21,48,Female
37,434961,63cf06ddba557b8820c8028b,FINISHED,00:09:00,540,00:00:08,00:03:39,00:00:39,00:02:57,00:01:17,00:00:20,28,Female
38,434962,5cee2eb649c43d00011fa491,FINISHED,00:05:01,301,00:00:20,00:00:11,00:00:34,00:00:54,00:02:45,00:00:17,61,Male
39,434963,63682e96b4e429f80579cf74,FINISHED,00:05:37,337,00:00:07,00:00:13,00:00:36,00:01:52,00:02:35,00:00:14,45,Male
40,434964,5d0f8eee48b019000174346e,FINISHED,00:04:28,268,00:00:07,00:00:12,00:00:36,00:01:01,00:02:16,00:00:16,41,Female
41,434965,5ec6d054e1f1a71078cfbcda,FINISHED,00:03:38,218,00:00:07,00:00:17,00:00:34,00:00:47,00:01:36,00:00:17,40,Male
42,434966,5aed5c7cb59b0d00012eaccd,FINISHED,00:04:33,273,00:00:10,00:00:03,00:01:10,00:01:01,00:01:51,00:00:18,38,Male
43,434967,6347339116895d093818bba0,FINISHED,00:06:01,361,00:00:16,00:00:09,00:00:38,00:02:38,00:02:02,00:00:18,36,Male
44,434968,62b1eaacbc6e41266c8c35f1,FINISHED,00:02:36,156,00:00:11,00:00:04,00:00:27,00:00:43,00:00:55,00:00:16,30,Male
45,434970,5f859da7c823900253085c48,FINISHED,00:05:49,349,00:00:10,00:00:14,00:00:41,00:01:18,00:03:04,00:00:22,70,Male
46,434971,6131f6711c0d96f6f1fb04af,FINISHED,00:07:42,462,00:00:09,00:00:09,00:01:32,00:02:25,00:02:51,00:00:36,34,Male
47,434973,6266d1937cec5e7a57883e76,FINISHED,00:17:09,1029,00:00:17,00:03:26,00:00:44,00:00:40,00:11:47,00:00:15,51,Male
48,434974,5c84272563805a000149eeac,FINISHED,00:06:54,414,00:00:13,00:00:19,00:00:45,00:01:23,00:03:51,00:00:23,60,Male
49,434975,65afc6fd20082f7b9d86a312,FINISHED,00:15:14,914,00:00:15,00:01:03,00:02:00,00:03:11,00:07:24,00:01:21,31,Male
50,434976,5ed68381c1fe3d0c38d561de,FINISHED,00:03:29,209,00:00:12,00:00:10,00:00:31,00:00:43,00:01:35,00:00:18,31,Male
51,434977,5e95d0925f33bb028f4cd6e5,FINISHED,00:02:53,173,00:00:06,00:00:16,00:00:27,00:00:39,00:01:11,00:00:14,32,Male
52,434978,5ee55d2d0eccfc2a733ad0db,FINISHED,00:03:33,213,00:00:07,00:00:10,00:00:25,00:00:33,00:02:08,00:00:10,39,Male
53,434979,6452cc2bd7ea86957cae0411,FINISHED,00:06:16,376,00:00:15,00:00:15,00:00:38,00:00:58,00:03:39,00:00:31,36,Female
54,434980,6531b06c87bae3a35e043221,FINISHED,00:09:57,597,00:02:06,00:01:09,00:01:21,00:02:07,00:02:40,00:00:33,23,Male
55,434981,5e8376035d0dbe08624aeed2,FINISHED,00:03:20,200,00:00:08,00:00:04,00:00:27,00:00:55,00:01:24,00:00:22,33,Female
56,434982,6158b7b4053f84c5d4d057f5,FINISHED,00:04:08,248,00:00:15,00:00:24,00:00:34,00:00:58,00:01:38,00:00:19,30,Male
57,434983,5ba6d33077f30d00014fe202,FINISHED,00:03:24,204,00:00:11,00:00:22,00:00:17,00:00:34,00:01:41,00:00:18,49,Female
58,434984,5a9c1988f6dfdd0001ea9933,FINISHED,00:06:30,390,00:00:15,00:00:07,00:00:57,00:01:08,00:03:34,00:00:29,46,Male
59,434985,5ad999a9c0332a0001ec79d1,FINISHED,00:04:14,254,00:00:06,00:00:09,00:00:41,00:01:02,00:02:04,00:00:12,28,Female
60,434986,6579cdfd233d5413b0631cfd,FINISHED,00:06:43,403,00:00:10,00:00:09,00:00:22,00:01:37,00:03:52,00:00:33,27,Male
61,434987,5cf510ccb0bafb00161ffd56,FINISHED,00:04:17,257,00:00:12,00:00:18,00:00:24,00:00:35,00:02:29,00:00:19,25,Female
62,434988,5ee235163a959e2d31a0b521,FINISHED,00:04:18,258,00:00:14,00:00:11,00:00:28,00:00:47,00:02:16,00:00:22,38,Female
63,434989,5e17945970672a000c896b74,FINISHED,00:04:47,287,00:00:28,00:00:14,00:00:37,00:00:53,00:02:14,00:00:21,33,Male
64,434990,54ccac0dfdf99b3a7712573d,FINISHED,00:03:50,230,00:00:10,00:00:34,00:00:28,00:01:01,00:01:25,00:00:12,48,Male
65,434991,653678fdc6392081589c057c,FINISHED,00:09:03,543,00:00:30,00:00:25,00:01:03,00:03:02,00:03:18,00:00:44,27,Female
66,434992,63d2b847b533b122bdeb1c7c,FINISHED,00:06:38,398,00:00:15,00:00:04,00:00:34,00:00:40,00:04:53,00:00:12,34,Male
67,434993,62c6e98485fbef0be2797e9d,FINISHED,00:05:20,320,00:00:04,00:00:05,00:00:22,00:00:27,00:03:04,00:01:18,27,Male
68,434994,6580af0d89865b03b17759e0,FINISHED,00:06:41,401,00:00:26,00:00:28,00:00:54,00:01:31,00:02:11,00:01:10,30,Male
69,434995,64087b8444f656e9e2b74446,FINISHED,00:09:15,555,00:00:59,00:00:48,00:01:26,00:01:57,00:03:24,00:00:39,54,Male
70,434996,614cf7d1df2213f8c1f81e6e,FINISHED,00:03:25,205,00:00:06,00:00:03,00:00:21,00:01:04,00:01:32,00:00:19,29,Male
71,434997,5fcfb1fe79b8060e0662270a,FINISHED,00:05:08,308,00:00:21,00:00:12,00:00:37,00:01:01,00:02:26,00:00:31,55,Female
72,434998,60537fdcda0ac05f1c59c57f,FINISHED,00:02:50,170,00:00:05,00:00:03,00:00:27,00:00:24,00:01:38,00:00:13,39,Female
73,434999,5e96e85aa7f126177e00ea9f,FINISHED,00:08:47,527,00:01:25,00:00:16,00:00:58,00:02:52,00:03:01,00:00:15,28,Male
74,435000,5e28912b5fc38506bbd1666c,FINISHED,00:04:35,275,00:00:15,00:00:11,00:00:39,00:00:48,00:02:18,00:00:23,53,Female
75,435002,59d4b084115096000190dbce,FINISHED,00:08:10,490,00:00:44,00:00:13,00:00:48,00:01:30,00:04:13,00:00:42,56,Male
76,435003,5a9d6bc1f6dfdd0001eaa7d4,FINISHED,00:08:29,509,00:00:20,00:00:19,00:01:41,00:01:39,00:04:04,00:00:26,62,Male
77,435004,627e6d01ec6ffadd5a324c5a,FINISHED,00:06:03,363,00:00:24,00:00:18,00:00:48,00:01:37,00:02:17,00:00:39,28,Female
78,435005,599969afc5e4010001a7cb20,FINISHED,00:07:41,461,00:00:15,00:00:08,00:00:58,00:02:42,00:03:21,00:00:17,50,Female
79,435006,5ac0df645cd1050001620c52,FINISHED,00:03:19,199,00:00:06,00:00:02,00:00:17,00:00:53,00:01:54,00:00:07,40,Female
80,435007,5f0f624774af6210bf4503e9,FINISHED,00:03:52,232,00:00:06,00:00:05,00:00:45,00:00:44,00:01:44,00:00:28,36,Male
81,435008,5f589d27b9bdc9016c605c7e,FINISHED,00:04:50,290,00:00:13,00:00:11,00:00:23,00:00:39,00:02:57,00:00:27,52,Female
82,435009,602164e5c7f2bd119d6ea691,FINISHED,00:05:32,332,00:00:09,00:00:09,00:00:30,00:00:44,00:03:39,00:00:21,44,Female
83,435010,60ae750dbba4a1822e957e68,FINISHED,00:04:07,247,00:00:11,00:00:12,00:00:33,00:01:10,00:01:28,00:00:33,38,Male
84,435011,63d4005611fc905186f61eac,FINISHED,00:01:50,110,00:00:04,00:00:02,00:00:25,00:00:11,00:01:00,00:00:08,26,Male
85,435012,60b0eccc48bd907293da9bab,FINISHED,00:17:57,1077,00:00:21,00:00:23,00:02:35,00:03:07,00:09:44,00:01:47,53,Female
86,435013,5ff0715715b59b3ab8009888,FINISHED,00:06:52,412,00:00:16,00:00:08,00:00:45,00:02:16,00:02:55,00:00:32,66,Female
87,435014,643af3570582668c2496d536,FINISHED,00:07:07,427,00:00:24,00:00:23,00:00:40,00:02:54,00:02:17,00:00:29,54,Female
88,435015,631609c541905b75bd84f002,FINISHED,00:02:45,165,00:00:11,00:00:08,00:00:24,00:00:27,00:01:18,00:00:17,37,Female
89,435016,57a0d81d81f331000139d989,FINISHED,00:03:48,228,00:00:04,00:00:07,00:00:30,00:00:32,00:02:12,00:00:23,35,Male
90,435017,62c493628db4aae8983533eb,FINISHED,00:05:03,303,00:00:18,00:00:07,00:00:35,00:01:04,00:02:33,00:00:26,54,Male
91,435018,648daeb51f08e32f66083212,FINISHED,00:05:12,312,00:00:12,00:00:15,00:00:40,00:01:51,00:01:39,00:00:35,61,Female
92,435019,5ea166af93435d0008a8a341,FINISHED,00:04:41,281,00:00:17,00:00:09,00:00:27,00:00:43,00:02:48,00:00:17,70,Male
93,435020,58f364d67b2e410001c2ed1d,FINISHED,00:03:32,212,00:00:06,00:00:07,00:00:23,00:00:46,00:01:42,00:00:28,45,Male
94,435021,634e5e65098e5d120efa7ec7,FINISHED,00:05:03,303,00:00:19,00:00:19,00:00:44,00:00:54,00:02:23,00:00:24,33,Male
95,435022,595e783b07ed5e0001cd0a97,FINISHED,00:05:32,332,00:00:15,00:00:15,00:00:31,00:01:29,00:02:43,00:00:19,53,Female
96,435023,5ebdb2d48565890e4efe91d5,FINISHED,00:05:36,336,00:00:09,00:00:13,00:01:04,00:02:19,00:01:26,00:00:25,37,Female
97,435024,63d43446030622d06df567b6,FINISHED,00:05:40,340,00:00:11,00:00:06,00:00:48,00:01:34,00:02:35,00:00:26,43,Male
98,435025,5ca345b1506fca0016b358bb,FINISHED,00:04:48,288,00:00:17,00:00:10,00:00:43,00:00:45,00:02:30,00:00:23,62,Female
99,435026,62c9ce5bf415b3ff7b5a3c87,FINISHED,00:04:35,275,00:00:32,00:00:13,00:00:43,00:01:19,00:01:20,00:00:28,25,Female
100,435027,63da66b849da33f2a1b7a7de,FINISHED,00:04:17,257,00:00:18,00:00:14,00:00:35,00:00:31,00:02:23,00:00:16,35,Female
101,435028,59995f056c165e000113fb23,FINISHED,00:02:34,154,00:00:09,00:00:11,00:00:29,00:00:24,00:01:05,00:00:16,40,Female
102,435029,616f3289f0e02a7abad9427c,FINISHED,00:07:39,459,00:00:18,00:00:18,00:01:01,00:02:22,00:02:45,00:00:55,38,Female
103,435030,5c7db93f4855980016a164c1,FINISHED,00:04:13,253,00:00:22,00:00:44,00:00:19,00:01:26,00:01:06,00:00:16,27,Female
104,435031,5cf806142780ca001a9d5cee,FINISHED,00:05:04,304,00:00:24,00:00:07,00:00:32,00:00:38,00:03:03,00:00:20,57,Female
105,435032,62fb871228ac0c56417cd364,FINISHED,00:03:52,232,00:00:08,00:00:16,00:00:27,00:00:51,00:01:46,00:00:24,35,Female
106,435033,6124112341a3ec8fdf0f4886,FINISHED,00:03:35,215,00:00:09,00:00:08,00:00:26,00:00:33,00:01:45,00:00:34,40,Female
107,435034,60f2001aca3716810f4f4415,FINISHED,00:20:40,1240,00:01:31,00:06:51,00:01:05,00:04:45,00:04:13,00:02:15,37,Female
108,435035,5e1ae38b2d11243260af4066,FINISHED,00:03:03,183,00:00:05,00:00:13,00:00:25,00:00:49,00:01:07,00:00:24,27,Male
109,435036,5c9a46dc9370cf001734a590,FINISHED,00:04:15,255,00:00:10,00:00:11,00:00:35,00:01:03,00:02:01,00:00:15,23,Female
110,435037,5f01ea96d68caf0539cc6967,FINISHED,00:08:39,519,00:00:08,00:01:10,00:00:47,00:02:23,00:03:53,00:00:18,27,Female
111,435038,6413591cc45fb6378c93d0dc,FINISHED,00:02:45,165,00:00:12,00:00:10,00:00:28,00:00:39,00:01:00,00:00:16,40,Female
112,435039,62b437fb9fcc20afefdbe41b,FINISHED,00:05:44,344,00:00:06,00:00:07,00:00:45,00:01:08,00:03:09,00:00:29,35,Male
113,435040,5f2424359c5da10009d035be,FINISHED,00:05:49,349,00:00:16,00:00:14,00:00:56,00:01:24,00:02:35,00:00:24,53,Male
114,435041,6527ee1286cbfa79299de373,FINISHED,00:03:14,194,00:00:07,00:00:12,00:00:22,00:00:37,00:01:34,00:00:21,28,Male
115,435042,5d9a30ec9d2a700018869f02,FINISHED,00:04:09,249,00:00:18,00:00:21,00:00:17,00:00:57,00:02:05,00:00:11,27,Female
116,435043,5acfdb527677430001c8f1e9,FINISHED,00:06:54,414,00:00:42,00:00:29,00:00:27,00:00:52,00:03:34,00:00:50,26,Female
117,435044,6039627d1f94c1410e17dacb,FINISHED,00:04:31,271,00:00:07,00:00:23,00:00:35,00:00:43,00:02:23,00:00:20,45,Male
118,435045,659d51f5d006c8486645ea36,FINISHED,00:07:18,438,00:00:28,00:00:22,00:01:17,00:01:24,00:03:13,00:00:33,40,Male
119,435046,5e2b7ca12f20ff1d0b611a6b,FINISHED,00:03:20,200,00:00:06,00:00:31,00:00:20,00:00:28,00:01:42,00:00:13,33,Male
120,435049,5ee683596f9b570626faa11c,FINISHED,00:04:49,289,00:00:08,00:00:05,00:00:49,00:01:10,00:02:20,00:00:17,43,Male
121,435050,645a0f712b769eff5a97d2b2,FINISHED,00:04:16,256,00:00:08,00:00:12,00:00:33,00:01:16,00:01:46,00:00:21,50,Male
122,435051,62e98117d8254c5e98e64592,FINISHED,00:04:58,298,00:00:10,00:00:15,00:00:39,00:01:45,00:01:32,00:00:37,51,Female
123,435052,63ea8a414ffb19ba667c3afe,FINISHED,00:05:17,317,00:00:17,00:00:15,00:00:32,00:00:53,00:02:58,00:00:22,42,Male
124,435053,5e2df526c3d5e43dd81d46de,FINISHED,00:08:25,505,00:00:20,00:00:15,00:01:29,00:00:53,00:04:17,00:01:11,48,Male
125,435054,6342d1cdc60c1743d86b5065,FINISHED,00:05:14,314,00:00:43,00:00:17,00:00:45,00:01:11,00:01:52,00:00:26,59,Male
126,435055,5f00bae43963d01dbe11a1fc,FINISHED,00:08:02,482,00:00:07,00:01:19,00:03:00,00:00:37,00:02:46,00:00:13,38,Male
127,435056,5360c37cfdf99b02ccc08fcb,FINISHED,00:03:39,219,00:00:11,00:00:07,00:00:26,00:00:46,00:01:44,00:00:25,31,Female
128,435057,5eac60907f4e2f2b4428c17f,FINISHED,00:03:31,211,00:00:06,00:00:02,00:00:30,00:00:42,00:01:56,00:00:15,54,Female
129,435060,5e54ed0d7243ea4e2ce6c650,FINISHED,00:03:21,201,00:00:09,00:00:04,00:00:27,00:00:41,00:01:45,00:00:15,52,Male
130,435061,5efcda1f6893230ecb13c289,FINISHED,00:03:24,204,00:00:08,00:00:06,00:00:26,00:00:58,00:01:31,00:00:15,28,Female
131,435062,607eb69780feeb6fdc4629c1,FINISHED,00:06:42,402,00:00:14,00:00:30,00:00:29,00:02:14,00:02:35,00:00:40,24,Female
132,435063,602adfcb43d65719cc7f9470,FINISHED,00:07:56,476,00:00:23,00:00:34,00:00:51,00:02:01,00:03:14,00:00:53,37,Male
133,435064,616deadcefd7197b84ab677c,FINISHED,00:06:15,375,00:00:07,00:00:09,00:01:56,00:01:03,00:02:41,00:00:19,54,Female
134,435065,5ea03ed29cb1f00672af3eda,FINISHED,00:07:05,425,00:00:20,00:00:27,00:00:35,00:01:37,00:02:46,00:01:20,42,Male
135,435066,56aa6d98638440000c8b4eb0,FINISHED,00:02:41,161,00:00:09,00:00:08,00:00:18,00:00:43,00:01:12,00:00:11,28,Female
136,435067,607d6e86f96c147cf2b3223c,FINISHED,00:04:22,262,00:00:20,00:00:10,00:00:31,00:01:10,00:01:45,00:00:26,32,Female
137,435068,5f5a99fc00933319322faf08,FINISHED,00:02:13,133,00:00:04,00:00:06,00:00:19,00:00:32,00:01:00,00:00:12,29,Male
138,435069,5ba0df3c9c31af0001ff7795,FINISHED,00:02:49,169,00:00:13,00:00:03,00:00:26,00:00:20,00:01:41,00:00:06,30,Female
139,435070,5cc86691ac689b0001118e90,FINISHED,00:05:54,354,00:00:16,00:00:08,00:01:02,00:01:02,00:03:07,00:00:19,66,Male
140,435071,5d555d997c447d001df372b1,FINISHED,00:02:16,136,00:00:09,00:00:06,00:00:24,00:00:30,00:00:57,00:00:10,40,Female
141,435072,60d6da388aada5f2ff645236,FINISHED,00:03:55,235,00:00:10,00:00:24,00:00:32,00:01:04,00:01:25,00:00:20,49,Female
142,435074,59baf1a2178f1b0001828a26,FINISHED,00:03:08,188,00:00:07,00:00:04,00:00:20,00:01:11,00:01:15,00:00:11,28,Male
143,435075,5ffefe289a45d160a6199c28,FINISHED,00:29:06,1746,00:00:05,00:24:44,00:00:25,00:01:07,00:02:24,00:00:21,31,Female
144,435076,5eb29fdddac67500082c1089,FINISHED,00:06:57,417,00:01:15,00:00:19,00:00:42,00:01:02,00:03:18,00:00:21,48,Male
145,435077,5d62e5acc400f500018493fe,FINISHED,00:07:10,430,00:00:18,00:00:13,00:01:06,00:01:26,00:03:33,00:00:34,37,Female
146,435078,5cb9bdde3eb01800129f81d7,FINISHED,00:04:02,242,00:00:14,00:00:16,00:00:31,00:00:58,00:01:38,00:00:25,43,Female
147,435079,65a147cbd368b0737bf019c7,FINISHED,00:03:40,220,00:00:07,00:00:02,00:00:24,00:00:44,00:02:08,00:00:15,44,Female
148,435080,6543b936ed64fe1bf937a545,FINISHED,00:08:04,484,00:00:33,00:00:48,00:01:22,00:01:08,00:03:08,00:01:05,37,Female
149,435081,63fc7ac4c0ba10b71a25a63d,FINISHED,00:07:59,479,00:00:19,00:00:13,00:00:42,00:02:42,00:03:39,00:00:24,56,Male
150,435082,5dee5838ad51834ec9446722,FINISHED,00:03:57,237,00:00:06,00:00:06,00:00:33,00:01:08,00:01:49,00:00:15,24,Female
151,435083,63c49c7bf71f27ad8712e40a,FINISHED,00:04:35,275,00:00:18,00:00:10,00:00:33,00:00:39,00:02:41,00:00:14,34,Male
152,435084,5947aea4f236120001ecf9f1,FINISHED,00:04:56,296,00:00:06,00:00:10,00:00:29,00:01:50,00:01:59,00:00:22,57,Female
153,435085,60e81703ab385a8ec7dc993a,FINISHED,00:29:44,1784,00:00:36,00:00:50,00:08:45,00:06:04,00:11:03,00:02:26,32,Female
154,435086,5f136634744bae3689117234,FINISHED,00:13:37,817,00:00:16,00:10:38,00:00:22,00:00:38,00:01:27,00:00:16,23,Female
155,435087,64011ddd299336698fa0c488,FINISHED,00:05:53,353,00:00:12,00:00:16,00:00:33,00:01:31,00:02:54,00:00:27,24,Female
156,435088,5f5fc58bfcb0db07c6c64d9e,FINISHED,00:03:42,222,00:00:21,00:00:13,00:00:31,00:00:52,00:01:26,00:00:18,51,Female
157,435089,63d7a65f896a9fa2a5359fc5,FINISHED,00:03:47,227,00:00:07,00:00:06,00:00:27,00:00:42,00:02:08,00:00:17,37,Male
158,435091,5c6acdb7e0d351000141ee75,FINISHED,00:07:22,442,00:00:24,00:00:20,00:01:14,00:01:27,00:03:23,00:00:34,59,Female
159,435092,63288c4c7c9cc5e61437b9b0,FINISHED,00:02:52,172,00:00:09,00:00:07,00:00:19,00:00:27,00:01:32,00:00:18,30,Male
160,435093,5d85f3490a530a001a4e55aa,FINISHED,00:14:40,880,00:08:56,00:00:25,00:00:27,00:01:23,00:03:07,00:00:22,44,Male
161,435094,5a4d6973f4c9dc0001649fc7,FINISHED,00:03:15,195,00:00:13,00:00:06,00:00:30,00:00:32,00:01:39,00:00:15,51,Female
162,435095,59f8868e05d1d60001f1464d,FINISHED,00:08:47,527,00:00:04,00:00:05,00:00:23,00:06:31,00:01:33,00:00:11,43,Male
163,435096,5cab9c01291df900015c2849,FINISHED,00:05:29,329,00:00:44,00:00:25,00:00:36,00:00:53,00:02:36,00:00:15,33,Male
164,435097,5d43d8751e6eef00171decb2,FINISHED,00:02:52,172,00:00:12,00:00:07,00:00:22,00:00:41,00:01:08,00:00:22,44,Male
165,435098,646cbbad8fd96d0ae55153a8,FINISHED,00:05:31,331,00:00:24,00:00:06,00:00:54,00:01:15,00:02:21,00:00:30,73,Female
166,435099,59493297e0c5fa000108667c,FINISHED,00:03:17,197,00:00:11,00:00:04,00:00:19,00:00:47,00:01:41,00:00:15,31,Female
167,435100,580b2aae94364b00011f4eb4,FINISHED,00:03:26,206,00:00:13,00:00:06,00:00:29,00:00:49,00:01:37,00:00:12,42,Male
168,435101,5bcdc51fad25080001447512,FINISHED,00:03:20,200,00:00:10,00:00:09,00:00:20,00:00:40,00:01:39,00:00:22,27,Male
169,435102,55ad3f2dfdf99b563a2471c8,FINISHED,00:03:25,205,00:00:05,00:00:06,00:00:29,00:00:32,00:01:59,00:00:14,28,Male
170,435103,5ed0bd00871f7019f65bad78,FINISHED,00:04:41,281,00:00:06,00:00:13,00:00:40,00:00:42,00:02:24,00:00:36,38,Male
171,435104,6069ea183eee2ca08b41771d,FINISHED,00:04:27,267,00:01:13,00:00:08,00:00:25,00:00:48,00:01:38,00:00:14,35,Male
172,435105,5d0a775bccb8bb00179a04f1,FINISHED,00:08:23,503,00:00:38,00:00:15,00:01:41,00:02:36,00:02:52,00:00:21,74,Female
173,435106,6136347d66f91d960dbb264a,FINISHED,00:03:08,188,00:00:18,00:00:12,00:00:32,00:00:43,00:01:07,00:00:16,39,Male
174,435107,658c0e4092db39c7d5c90b02,FINISHED,00:04:05,245,00:00:08,00:00:08,00:00:27,00:00:36,00:02:32,00:00:14,53,Male
175,435108,655fc6a4919a4ddb98818d10,FINISHED,00:06:57,417,00:00:30,00:00:22,00:01:04,00:01:40,00:02:52,00:00:29,34,Male
176,435109,5ebd5be631748b03f7273769,FINISHED,00:04:19,259,00:00:17,00:00:12,00:00:32,00:00:53,00:02:06,00:00:19,36,Female
177,435110,5c742ed3b80b460016bd0361,FINISHED,00:04:50,290,00:00:10,00:00:06,00:00:42,00:00:45,00:02:41,00:00:26,35,Male
178,435111,5fb1aea8d0a22f6e13750c9a,FINISHED,00:04:00,240,00:00:10,00:00:07,00:00:32,00:00:59,00:01:37,00:00:35,27,Male
179,435112,6147a8aa47db0c5ddc6eabf9,FINISHED,00:02:09,129,00:00:04,00:00:02,00:00:24,00:00:34,00:00:54,00:00:11,22,Female
180,435113,6127a6834afacbaa6e8c71c4,FINISHED,00:04:39,279,00:00:09,00:00:03,00:00:29,00:01:31,00:02:13,00:00:14,37,Male
181,435114,5dd012a97b6a661093d36b8e,FINISHED,00:02:37,157,00:00:06,00:00:04,00:00:28,00:00:39,00:01:07,00:00:13,26,Male
182,435115,56622e9373ac8700058096d1,FINISHED,00:03:34,214,00:00:09,00:00:06,00:00:22,00:00:32,00:02:08,00:00:17,55,Female
183,435116,5f033543945c554f816f6ad7,FINISHED,00:06:09,369,00:00:19,00:00:17,00:00:37,00:00:37,00:03:59,00:00:20,49,Female
184,435117,60db8ddfbcb65e3ec09fb5ac,FINISHED,00:07:04,424,00:00:11,00:00:23,00:00:27,00:01:24,00:04:18,00:00:21,21,Female
185,435118,65250c54bcd24a2fcf5ee728,FINISHED,00:05:40,340,00:00:25,00:00:22,00:01:11,00:01:03,00:02:21,00:00:18,52,Male
186,435119,62029a06ef1cb18a1337c580,FINISHED,00:05:52,352,00:00:05,00:00:22,00:00:15,00:00:26,00:03:00,00:01:44,29,Male
187,435120,6107d247fba9a5ffcf5fbcd2,FINISHED,00:11:17,677,00:00:22,00:00:32,00:00:58,00:02:13,00:06:04,00:01:07,44,Male
188,435121,657421f9661ce9a8cd7482d1,FINISHED,00:11:57,717,00:00:25,00:00:29,00:01:03,00:02:07,00:06:20,00:01:32,26,Male
189,435122,6159b2c05695adb2097e50a2,FINISHED,00:03:28,208,00:00:12,00:00:13,00:00:37,00:00:41,00:01:16,00:00:29,47,Male
190,435123,59928cc17d29e70001730482,FINISHED,00:04:40,280,00:00:12,00:00:11,00:00:35,00:01:15,00:02:05,00:00:21,46,Female
191,435124,5ca67299253fd60016d25449,FINISHED,00:07:24,444,00:00:19,00:00:15,00:00:52,00:01:20,00:04:15,00:00:23,64,Male
192,435125,6413590a5e16ccd8b72d3be2,FINISHED,00:03:23,203,00:00:06,00:00:10,00:00:24,00:00:37,00:01:52,00:00:14,33,Male
193,435126,5fc6c6804b35890ed3285dbc,FINISHED,00:09:25,565,00:00:14,00:00:01,00:00:30,00:01:04,00:01:38,00:05:57,25,Female
194,435130,5c92f797803bff0017fef8dd,FINISHED,00:02:22,142,00:00:04,00:00:07,00:00:21,00:00:34,00:01:05,00:00:11,29,Male
195,435131,63a32488e685c05e9fb5988e,FINISHED,00:05:49,349,00:00:10,00:00:22,00:00:39,00:01:35,00:02:33,00:00:30,60,Male
196,435132,596e1cc639e9d00001b7bb84,FINISHED,00:04:30,270,00:00:11,00:00:09,00:00:29,00:01:22,00:02:07,00:00:12,43,Female
